"V1","V2","V3","V4","V5","V6","V7","V8","V9","V10","V11","V12","V13","V14","V15","V16","V17","V18","V19","V20","V21","V22","V23","V24","V25","V26","V27","V28","V29","V30","V31","distance.to.TSS","region","gene.name","ADO.pval","ADO.log2FC","ADO.status","OY.pval","OY.log2FC","OY.status","anova.pval"
"chr1",839380,839381,0,25,37,39,30,0,27,29,29,21,0,28,19,24,0,26,0,0,45,52,56,40,31,30,28,29,59,24,832,"upstream","RP11-54O7.16",0.000485703079802461,1.483712209125,"gain",0.103121490453947,-0.669150209938635,"not significant",0.00100117332964623
"chr1",6268793,6268812,36,25,34,53,33,55,34,0,26,0,25,0,49,39,0,0,48,0,93,56,49,26,28,41,32,37,59,2791,2952,"upstream","RP1-120G22.11",0.0150054162749604,1.32278505662381,"gain",0.160234766594686,-0.851849232050557,"not significant",0.0189662505964744
"chr1",6844223,6844229,161,0,79,106,75,0,81,87,104,70,82,124,0,102,117,0,0,0,230,73,118,96,189,94,106,119,159,3139,1154,"upstream","CAMTA1",0.0241158244435914,1.13504426628521,"gain",0.821003459232953,-0.297639725929037,"not significant",0.0177322658320349
"chr1",11332705,11332715,128,99,0,83,86,0,63,85,0,72,0,92,117,0,89,0,88,103,146,67,119,84,101,152,108,122,115,4836,547,"upstream","UBIAD1",0.0155504415865581,1.0059880698396,"gain",0.963907318253786,-0.277533975528909,"not significant",0.0201580087438229
"chr1",19535878,19535881,156,0,103,0,60,0,85,87,0,87,48,88,0,103,88,73,0,99,189,69,128,93,90,137,81,84,171,7040,1113,"upstream","RP1-43E13.2",0.0449825090795272,0.98238580130131,"gain",0.927772680087773,-0.0667504547798074,"not significant",0.0285894754071876
"chr1",26136686,26136702,34,35,28,31,31,0,27,30,0,0,0,0,30,35,0,25,28,36,32,25,36,20,39,38,28,28,36,9409,1258,"upstream","RP1-317E23.6",0.0386672350629673,1.02476790514894,"gain",0.188477855754983,-0.810029056355929,"not significant",0.02684086350139
"chr1",28695930,28695931,0,92,0,126,90,147,0,105,0,71,0,106,141,82,99,0,129,99,169,95,159,86,138,147,136,87,152,11044,182,"upstream","PHACTR4",0.0244295335539341,0.837250754057112,"gain",1,0.0546004420872657,"not significant",0.0300357724180738
"chr1",29557077,29557739,81,43,48,77,61,78,86,67,61,45,34,62,79,68,120,66,67,60,157,78,66,72,128,105,82,85,92,11299,0,"overlapStart","MECR",0.00895058603281094,0.537872009161919,"gain",0.563171563260089,-0.0307254719069599,"not significant",0.0198537092199932
"chr1",32705469,32707335,100,57,82,57,65,58,59,67,59,68,44,62,104,81,55,54,76,57,151,58,96,79,100,80,89,64,105,12349,0,"overlapStart","MTMR9LP",0.02201822944857,0.468675462880917,"gain",0.656021825655889,-0.0457183003058352,"not significant",0.0277436213804213
"chr1",33282077,33282104,112,0,84,103,97,0,83,86,0,64,64,122,109,116,0,0,0,106,190,72,138,82,132,100,79,80,141,12590,263,"upstream","S100PBP",0.0444165675898409,0.955450677043862,"gain",0.89195927076922,-0.281640798785384,"not significant",0.0484785561811817
"chr1",33772257,33772323,31,30,26,29,38,41,26,0,0,17,14,0,20,30,15,0,13,21,50,15,25,0,22,33,16,24,32,12944,643,"upstream","RP11-415J8.3",0.0444165675898409,0.891186512861075,"gain",0.0139436904119176,-1.08746284125034,"loss",0.0415008567471027
"chr1",40420293,40420450,67,56,78,42,48,87,53,49,0,40,37,55,70,70,42,60,35,65,96,77,44,86,84,79,58,61,84,15030,351,"upstream","MFSD2A",0.00790865853202392,0.649122245188252,"gain",0.247569020598448,-0.340075441597622,"not significant",0.0142448392413322
"chr1",51983414,51983525,130,99,96,111,55,0,103,95,0,57,39,101,0,92,90,0,0,0,153,54,126,49,79,74,57,91,145,18359,455,"upstream","RP11-191G24.1",0.039369281167067,1.27943601277328,"gain",0.0236637317765394,-1.18423422942056,"loss",0.0170347898998514
"chr1",54415256,54415267,29,19,23,24,17,19,17,17,0,25,0,0,38,0,15,0,0,20,47,25,18,11,29,29,18,19,20,18783,3653,"upstream","HSPB11",0.034122491241357,1.29218075149331,"gain",0.07680578000366,-1.07354046501797,"not significant",0.0200960179917975
"chr1",78245245,78245252,225,196,128,133,90,174,93,132,138,59,68,0,0,219,0,0,114,0,281,0,151,72,168,184,83,96,273,20705,4695,"upstream","RP4-706L14.2",0.0381428066474286,1.28114824474503,"gain",0.0220511917366772,-1.29145178119047,"loss",0.030512834298047
"chr1",86042079,86042082,51,30,49,54,45,50,55,53,49,17,27,33,63,49,52,45,68,35,44,0,46,0,44,0,0,0,0,21029,4361,"upstream","CYR61",0.00892936962769517,-1.55669477569835,"loss",0.373023276602124,-0.143330791430599,"not significant",0.000551264890232928
"chr1",150532621,150533105,61,52,50,53,43,51,51,46,62,28,0,48,57,0,51,50,57,45,82,53,50,44,83,65,66,55,83,25318,2420,"upstream","RP11-54A4.2",0.0272151069661314,0.69777282630593,"gain",0.475598208526011,-0.354188458609961,"not significant",0.0136775747786097
"chr1",155903394,155904755,95,64,62,81,92,72,98,83,64,48,77,63,110,83,82,74,68,63,111,74,81,116,76,136,112,118,88,27344,0,"overlapStart","KIAA0907",0.00892055139855503,0.469193269325749,"gain",0.306124793403071,-0.143850158595827,"not significant",0.00717930238779487
"chr1",160038622,160040783,77,69,36,47,51,81,51,70,51,37,39,78,92,42,70,39,44,57,108,85,73,62,93,99,57,46,123,28882,0,"overlapStart","KCNJ10",0.0142206361526606,0.594372574695089,"gain",0.532692667411504,-0.134155092112125,"not significant",0.0182409676680633
"chr1",174967944,174967946,206,106,95,0,102,0,112,120,0,81,70,78,0,138,118,0,0,135,189,109,143,111,154,186,83,112,241,30649,353,"upstream","CACYBP",0.00769128808476389,1.25091811951774,"gain",0.389917370185839,-0.579133421918959,"not significant",0.0136972625304496
"chr1",181057311,181057344,115,96,87,98,96,73,121,100,0,65,0,0,100,74,0,0,88,0,138,65,92,56,71,77,69,85,113,31213,293,"upstream","IER5",0.0309880744986897,1.38005684987192,"gain",0.0049762859809214,-1.58716677164789,"loss",0.000347753918569225
"chr1",197115722,197115937,87,30,41,37,20,24,33,26,38,28,19,40,0,0,0,0,0,50,50,38,41,19,32,30,35,33,59,32012,0,"overlapStart","ASPM",0.0477413138729885,1.09739676279458,"gain",0.116132680499473,-1.0898855035172,"not significant",0.0373138631131501
"chr1",205537287,205537344,36,35,53,47,44,0,39,39,0,21,0,0,30,27,40,36,39,0,74,0,60,32,46,49,41,37,64,35216,668,"upstream","MFSD4",0.00946386557074231,1.21418208470494,"gain",0.0384067405984595,-0.92422791204153,"loss",0.0190877583400389
"chr1",209915822,209915844,35,33,22,32,15,38,27,27,19,32,15,14,27,25,31,16,22,0,0,0,26,16,0,17,0,16,0,36063,1873,"upstream","ADORA2BP",0.0461524436883035,-1.270229907238,"loss",0.0497799170485344,-0.510080191805378,"loss",0.000587939295040329
"chr1",212207995,212208011,117,72,53,61,68,0,54,61,57,66,32,48,0,0,0,0,0,54,126,38,74,40,43,81,38,50,73,36417,907,"upstream","DTL",0.035596020657647,1.2833696563314,"gain",0.0264410262510374,-1.24111604929927,"loss",0.0200921954230701
"chr1",226111198,226112561,93,54,69,124,116,80,60,49,76,62,71,81,77,70,69,52,77,88,115,78,92,106,100,124,109,95,97,37932,0,"overlapStart","RP4-559A3.7",0.000517302146236199,0.493355044590876,"gain",0.858810670134992,-0.157231608246861,"not significant",0.00559006236750594
"chr1",226313088,226313118,20,33,19,26,27,31,0,33,25,21,0,0,21,21,0,0,19,13,32,0,27,25,25,39,47,27,18,38018,1760,"upstream","RP11-396C23.3",0.0116488486820485,1.15200309344505,"gain",0.0383041824631347,-0.977279923499917,"loss",0.0273066421834123
"chr1",227619377,227619379,42,33,30,32,47,0,24,39,34,22,0,0,29,0,41,0,0,29,42,46,30,27,62,31,22,54,70,38602,2385,"upstream","BTF3P9",0.00833053764101938,1.46084118889197,"gain",0.0572291843306136,-0.994170921197803,"not significant",0.00475337600392765
"chr1",234741724,234741725,122,0,88,103,78,0,82,51,76,60,56,0,0,86,101,0,0,87,120,77,109,79,100,103,78,98,150,40459,1028,"upstream","RP4-781K5.2",0.0060080847713478,1.12386730384884,"gain",0.341975567703958,-0.491164951770532,"not significant",0.0148314942903228
"chr1",249157027,249157028,140,115,134,121,0,102,148,118,0,87,55,0,150,0,0,110,105,0,211,72,116,97,124,104,60,75,152,41782,3683,"upstream","ZNF692",0.043570597098054,1.14772843834472,"gain",0.0373843514363583,-1.11416328741938,"loss",0.0242473828482995
"chr10",6128267,6128274,38,55,0,0,25,34,32,26,24,34,30,24,20,20,22,0,0,0,49,37,55,25,64,30,16,33,77,42799,2675,"upstream","RBM17",0.00687685701549177,1.3015166348644,"gain",0.126328526411565,-0.593230116704757,"not significant",0.0120015833879065
"chr10",27528722,27528723,127,80,87,114,89,104,100,0,0,73,59,94,0,86,97,0,0,0,150,53,127,73,77,123,82,72,156,44718,3792,"upstream","AL160291.1",0.0321357162626691,1.31051711048752,"gain",0.0236637317765394,-1.09924169595624,"loss",0.00869341183548944
"chr10",29698128,29698134,93,61,60,70,48,0,57,44,76,76,49,62,0,0,63,0,0,0,114,69,82,45,82,86,62,44,104,44857,196,"upstream","PTCHD3P1",0.0167525598214016,1.22953969391607,"gain",0.468818724609875,-0.73142315538301,"not significant",0.0125505618398925
"chr10",73533204,73533545,37,31,43,36,30,41,35,37,28,28,0,47,38,38,27,42,37,40,55,54,35,45,52,43,33,38,82,48651,0,"overlapStart","C10orf54",0.030122443405342,0.579196655029832,"gain",0.893645300656535,-0.15754127698648,"not significant",0.0219974539147044
"chr10",76870630,76870648,177,135,146,144,97,0,105,92,81,77,0,0,150,0,110,0,0,148,204,82,122,97,108,181,80,51,158,49686,1650,"upstream","DUSP13",0.043570597098054,1.08816237822149,"gain",0.123918878515873,-0.984624774113084,"not significant",0.0456872140584343
"chr10",88280528,88280533,142,94,106,163,123,0,113,106,0,101,72,0,151,135,0,0,0,129,221,91,133,126,142,130,118,173,212,51663,1168,"upstream","RP11-77P6.2",0.0150956699809426,1.346793443219,"gain",0.174382940313805,-0.848473909383197,"not significant",0.00485825222137196
"chr10",98591509,98591520,154,86,89,92,105,0,0,67,0,59,62,129,161,0,115,78,0,0,203,63,104,82,119,140,108,94,203,52959,2987,"upstream","MIR607",0.0364220035900163,1.03771966594916,"gain",0.556356592188361,-0.295411650108287,"not significant",0.0475912561747592
"chr10",102728591,102728611,0,40,67,105,62,87,78,92,0,39,0,0,76,0,51,0,84,78,173,74,92,64,80,91,44,78,154,53819,663,"upstream","SEMA4G",0.00835955288402611,1.52577011985203,"gain",0.0634134931211666,-1.01694414107343,"not significant",0.00611258548694758
"chr10",102753560,102753638,91,26,39,67,60,0,26,0,43,60,31,28,27,37,0,24,25,0,109,0,71,0,68,90,60,75,107,53845,2736,"upstream","LZTS2",0.0329076794683267,1.22862437504796,"gain",0.53141093903271,-0.490103314379715,"not significant",0.0476275927759448
"chr10",102788937,102788957,134,67,74,66,80,77,63,0,0,0,0,0,119,93,96,80,79,0,165,99,84,85,96,126,84,82,143,53942,2033,"upstream","SFXN3",0.013380696772842,1.19761368996535,"gain",0.751299713897385,-0.586506315786493,"not significant",0.0123846791719021
"chr10",103326154,103326209,35,29,55,42,42,37,24,0,40,23,37,0,0,33,0,28,34,0,65,34,39,34,38,40,34,41,64,54146,4107,"upstream","DPCD",0.00446598803606596,1.14829912468163,"gain",0.087693664190714,-0.758991900496205,"not significant",0.0102553488358728
"chr10",111967135,111967142,123,86,83,73,91,91,83,73,78,49,54,0,0,0,94,0,79,0,143,0,111,75,86,126,82,93,172,55724,220,"upstream","MXI1",0.0101430855277599,1.47881340971216,"gain",0.0103804855081721,-1.3117034238769,"loss",0.00287321582440408
"chr11",1331716,1331733,79,67,61,62,74,85,0,84,0,48,53,0,0,63,67,49,64,0,75,78,57,56,72,91,0,93,108,60803,831,"upstream","TOLLIP",0.0119895707604062,1.02494635713023,"gain",0.0247183191379369,-0.895663340185265,"loss",0.0341924257121792
"chr11",19371017,19371029,34,26,0,20,17,16,14,24,11,16,0,24,20,0,12,0,0,0,34,22,22,11,38,31,27,14,27,64186,1241,"upstream","NAV2",0.00388922150744901,1.59714262451331,"gain",0.0413932756454592,-1.18529340286552,"loss",0.00255152615961093
"chr11",47293967,47293969,108,0,60,66,57,0,63,67,52,49,44,56,95,0,70,0,0,0,125,63,88,62,94,84,55,59,104,66779,305,"upstream","RP11-17G12.3",0.00769128808476389,1.15593950800422,"gain",0.221792923409635,-0.523904679669716,"not significant",0.0178598985026911
"chr11",64121808,64121841,29,31,37,39,24,19,34,19,17,0,0,0,33,22,0,17,0,14,67,0,25,21,21,37,13,22,49,70318,4778,"upstream","RPS6KA4",0.0342038951325814,1.45985600312069,"gain",0.00348853096362463,-1.49340856283172,"loss",0.0133268151464288
"chr11",64660682,64660750,33,20,15,21,36,23,22,22,0,0,0,19,23,0,27,0,16,19,28,14,34,0,23,23,20,33,27,70754,1963,"upstream","MIR192",0.0275449663108684,1.10977485805575,"gain",0.024566668486279,-1.20645087746743,"loss",0.0128431573603508
"chr11",67219744,67219783,18,26,16,22,30,0,33,24,19,0,0,18,24,0,22,25,35,0,32,28,17,0,42,54,26,36,40,72843,93,"upstream","CABP4",0.0234927555420828,1.09541956507868,"gain",0.322572287888072,-0.562936194391157,"not significant",0.0441940516719775
"chr11",118790846,118790973,57,39,45,55,47,22,53,38,0,40,0,51,0,0,0,35,42,21,72,50,51,47,48,51,34,56,70,80558,4899,"upstream","UPK2",0.00259457919385919,1.49364251496016,"gain",0.0135471383113857,-1.23541910163269,"loss",0.000246333697658835
"chr11",119866247,119866344,49,37,26,24,21,21,16,21,21,17,26,20,46,17,42,12,19,26,27,0,0,0,19,0,0,12,0,81373,500,"upstream","RP11-831A10.2",0.00692970722113681,-1.93253041676662,"loss",0.473753620426191,-0.127606439137583,"not significant",0.000870298988861198
"chr11",129938482,129938493,160,101,85,133,126,0,120,110,85,69,0,0,0,124,126,0,107,0,211,90,122,78,130,88,80,99,176,83540,1238,"upstream","APLP2",0.0356783870633585,1.22360189049284,"gain",0.0570958691840617,-1.03038100131116,"not significant",0.0180801878705058
"chr12",6721591,6721640,0,38,0,47,43,45,66,0,44,0,0,41,62,44,55,0,50,42,95,46,64,50,52,94,22,43,72,86171,4948,"upstream","CHD4",0.0406939909123409,0.82258601971949,"gain",0.785890456969495,0.178084533414073,"not significant",0.0358381654189344
"chr12",31742649,31742650,0,93,104,0,100,135,118,104,0,72,68,145,148,70,120,0,0,0,184,98,174,63,125,114,97,95,190,88452,206,"upstream","DENND5B-AS1",0.0445107836173375,1.02373284947315,"gain",0.556145098092842,-0.391986567361443,"not significant",0.0445938991712666
"chr12",49658297,49658969,63,55,28,31,25,29,49,33,31,17,24,50,34,48,45,27,38,45,87,26,63,27,52,67,46,55,77,89844,0,"overlapStart","RP11-977B10.2",0.0273506102022815,0.629947344284086,"gain",0.722007818404328,-0.124106907996929,"not significant",0.0298716853534631
"chr12",50295210,50298667,65,64,67,46,49,69,50,78,56,53,44,72,91,76,65,52,44,61,104,78,62,71,84,85,70,54,106,90228,0,"overlapStart","FAIM2",0.0372530402810426,0.36968851210397,"gain",0.929126281065573,0.00942941291993065,"not significant",0.0237935847377461
"chr12",54762377,54762388,46,43,36,38,29,37,32,51,0,27,0,36,45,30,26,0,0,0,52,29,42,33,44,57,0,39,50,92085,4105,"upstream","GPR84",0.0161703645963372,1.22907931646369,"gain",0.00704030073473424,-1.24977830913153,"loss",0.00486646065273104
"chr12",56390508,56390549,120,78,96,95,86,89,72,60,0,62,0,69,87,58,0,53,0,0,97,0,77,65,87,106,62,62,112,92421,414,"upstream","SUOX",0.0178388176808596,1.17376361218386,"gain",0.0026318545413388,-1.40292781700085,"loss",0.00248060791550211
"chr12",56692617,56692658,77,50,48,53,80,116,72,43,56,0,0,0,121,0,0,69,0,76,122,52,56,63,83,97,56,72,94,92664,1267,"upstream","RP11-977G19.11",0.034122491241357,1.2619553829413,"gain",0.0940748877141632,-1.06515267952525,"not significant",0.017268823112206
"chr12",64062715,64062763,39,61,51,83,49,42,37,45,35,45,43,54,93,55,52,62,79,84,45,30,70,27,42,0,0,46,42,93772,0,"overlapStart","DPY19L2",0.014178099427467,-0.843211843989573,"loss",0.213288012997561,0.242806597606093,"not significant",0.02044515764225
"chr12",92537866,92537867,0,113,90,130,115,105,168,80,0,69,67,119,0,149,132,0,0,0,202,103,183,98,165,158,68,84,218,94914,1175,"upstream","C12orf79",0.00946386557074231,1.40671445186891,"gain",0.174613758429298,-0.9014973368383,"not significant",0.00788707670277389
"chr12",100750756,100750778,19,13,15,49,0,36,18,29,0,0,14,12,0,12,17,17,23,0,38,38,12,18,23,19,21,0,36,95676,78,"upstream","SLC17A8",0.0206812015933116,1.26162758461955,"gain",0.0431488954813163,-1.23588826382067,"loss",0.0434655663799793
"chr12",107167529,107167530,0,0,56,83,100,124,99,107,56,53,0,0,167,90,110,0,0,84,208,82,100,104,114,132,109,91,157,96386,842,"upstream","RIC8B",0.0155504415865581,1.12206788690328,"gain",0.468818724609875,-0.344929920248978,"not significant",0.0213036879452156
"chr12",109031156,109031489,50,41,0,53,25,41,38,28,0,38,44,33,58,37,62,34,31,55,41,0,27,31,32,0,0,34,0,96616,3420,"upstream","SELPLG",0.0187835403417379,-1.09638453642434,"loss",0.624525928050591,0.184257292449677,"not significant",0.0424436330956775
"chr12",109530359,109530436,83,28,35,61,58,50,39,34,43,52,30,0,44,0,31,26,34,52,73,45,44,43,54,59,43,25,74,96819,4942,"upstream","UNG",0.0406053455615389,0.712090925527177,"gain",0.109194645984455,-0.636438718212242,"not significant",0.0436756139789575
"chr12",111051306,111051309,112,90,0,67,74,79,0,67,91,45,49,84,75,0,0,0,93,0,160,72,76,80,65,90,70,120,114,97633,522,"upstream","TCTN1",0.0445107836173375,1.10673178327665,"gain",0.556145098092842,-0.484129280338998,"not significant",0.025370365495003
"chr12",120426298,120426344,59,36,58,62,47,46,44,0,0,14,0,45,37,0,0,31,0,39,52,48,64,34,37,46,59,37,83,99075,1328,"upstream","CCDC64",0.00259457919385919,1.6224537130425,"gain",0.0112752396146435,-1.40632028217773,"loss",0.000946012046078654
"chr12",133263177,133263178,79,59,69,51,0,48,0,94,0,25,0,0,88,62,0,67,58,82,104,53,85,58,74,91,55,110,129,103320,1013,"upstream","PXMP2",0.0267426143180757,1.14253034082477,"gain",0.618653232430755,-0.388355456626338,"not significant",0.0165740161108406
"chr12",133706398,133706410,140,0,84,98,140,0,71,113,0,54,50,111,170,0,0,0,103,113,232,71,129,99,102,111,105,133,160,103405,750,"upstream","ZNF10",0.048939893801197,1.07812884809671,"gain",0.468580302499456,-0.426097268870102,"not significant",0.0431529295168949
"chr13",21871257,21871263,0,97,49,73,0,86,71,65,59,41,0,81,130,0,84,73,0,0,95,94,117,69,82,81,69,115,107,103759,1014,"upstream","MIPEPP3",0.0266753417142339,0.976866665357396,"gain",0.650727689300692,-0.236198220861478,"not significant",0.0292776273272652
"chr13",26827997,26827998,147,128,105,165,147,186,160,109,138,60,59,0,172,0,0,116,0,0,265,80,174,0,132,232,73,117,195,104432,277,"upstream","CDK8",0.0251440675029355,1.37022970392017,"gain",0.013497929563531,-1.3954653512389,"loss",0.00936073630049486
"chr13",28711781,28711790,123,82,110,0,108,0,87,61,80,57,0,101,0,110,0,62,0,123,143,72,134,72,99,132,62,93,151,104725,852,"upstream","PAN3",0.0328302413035698,0.997893216422054,"gain",0.441246293743634,-0.421283307491029,"not significant",0.0494646487045772
"chr13",41632860,41633074,40,19,68,0,108,15,0,99,0,68,0,94,0,79,31,38,0,20,182,70,37,74,20,107,64,96,148,105735,2335,"upstream","WBP4",0.0216016183999015,1.42592581542158,"gain",0.586922023257266,-0.402689106851199,"not significant",0.0271396330697974
"chr13",50572910,50572922,22,16,85,103,104,12,97,62,89,56,57,0,0,0,26,0,0,0,45,72,106,69,19,149,83,105,105,106651,2272,"upstream","MIR3613",0.00420349461468957,1.87561913395224,"gain",0.0210104726190077,-1.45770487391783,"loss",0.00503972633551999
"chr13",78271248,78271253,116,93,96,103,85,146,95,81,101,65,54,67,111,70,0,104,0,0,178,63,130,80,126,101,101,86,136,107601,769,"upstream","SLAIN1",0.0242411355853887,0.959358015502654,"gain",0.045143322126783,-0.832713007227413,"loss",0.00609059838465481
"chr13",79978632,79978645,157,0,69,130,85,128,100,99,0,77,57,72,167,73,0,103,0,0,163,70,149,104,95,103,81,97,156,107664,1798,"upstream","RBM26-AS1",0.0216016183999015,1.04286260051555,"gain",0.116132680499473,-0.80622825660332,"not significant",0.0356233132751774
"chr14",21081782,21081831,64,29,31,70,48,49,0,43,48,27,0,41,52,38,57,50,58,97,48,0,38,0,0,28,43,16,0,110534,3738,"upstream","RNASE11",0.0187835403417379,-1.28373339850163,"loss",0.755569077814597,0.16473233222199,"not significant",0.0341819596023395
"chr14",23066770,23066778,100,84,68,73,38,69,57,78,0,73,46,0,0,0,84,46,80,0,145,67,87,77,65,88,0,50,114,110987,367,"upstream","ABHD4",0.0309880744986897,1.22677086184702,"gain",0.0652585999471388,-1.10718924609435,"not significant",0.0188408568794869
"chr14",53477762,53477791,40,24,20,28,16,17,0,15,0,15,0,12,24,0,21,0,0,16,31,22,11,17,18,21,22,14,34,113703,897,"upstream","RP11-368P15.1",0.0209671950316621,1.2624270831387,"gain",0.0513048052406391,-1.18442457113743,"not significant",0.0188129140066728
"chr14",71067262,71067384,36,41,30,56,34,30,28,39,42,52,42,33,53,41,40,30,38,45,39,22,35,43,22,24,27,0,35,115790,0,"inside","MED6",0.0126455748304403,-0.600069393111365,"loss",0.129724824748606,0.178839278417366,"not significant",0.0160947521336423
"chr15",33009497,33009501,109,48,0,57,0,56,0,60,46,36,33,61,0,60,0,0,37,42,138,36,109,31,114,60,55,37,98,125431,673,"upstream","GREM1",0.0493406801440131,1.25793653819411,"gain",0.556145098092842,-0.389042290745899,"not significant",0.0283173952494557
"chr15",34634706,34634717,76,0,59,69,84,0,46,82,104,46,0,71,0,0,0,71,56,60,103,54,63,83,77,91,49,67,163,125544,4444,"upstream","SLC12A6",0.0444165675898409,1.0303245368568,"gain",0.468580302499456,-0.349942471056959,"not significant",0.0464133414627606
"chr15",41784799,41784813,97,43,51,0,41,45,0,37,0,0,0,59,49,47,41,47,56,52,99,51,63,34,58,67,60,56,99,126614,777,"upstream","ITPKA",0.00877113818966391,0.893892566250542,"gain",0.653148606145677,-0.161221623474429,"not significant",0.0392804465241028
"chr15",43027995,43028017,176,97,114,120,131,147,118,140,97,81,57,0,157,0,0,0,105,0,174,90,146,0,104,149,91,114,168,127064,3298,"upstream","CTD-2036P10.3",0.031064190788973,1.21170933956932,"gain",0.00535668573061137,-1.39134949584484,"loss",0.00363608570835589
"chr15",68346182,68346187,137,89,106,0,84,112,104,82,0,65,72,92,0,101,94,0,0,104,159,0,93,74,121,158,118,110,188,130378,329,"upstream","PIAS1",0.0150956699809426,1.1033761249644,"gain",0.0878610478041331,-0.757314239558009,"not significant",0.03620892956855
"chr15",75659852,75659862,128,82,80,79,104,120,74,80,0,71,54,0,0,0,0,72,94,102,157,74,95,77,132,163,81,0,138,132285,633,"upstream","RP11-817O13.8",0.0128470901754411,1.3743955147815,"gain",0.00804878590023196,-1.24850702541799,"loss",0.00602929105119707
"chr15",81071228,81071237,32,39,51,57,49,32,51,25,34,14,0,35,47,36,22,34,44,42,35,0,31,32,0,0,0,0,36,133676,446,"upstream","KIAA1199",0.0462514267918325,-1.04869425679208,"loss",0.167787480753122,-0.447458976971221,"not significant",0.00382442753915814
"chr15",85143656,85143688,105,65,66,70,78,78,0,99,69,0,0,97,71,0,0,53,61,0,163,60,74,105,56,137,63,61,149,134062,528,"upstream","ZSCAN2",0.0168504304554142,1.45822710558497,"gain",0.0463593618637881,-0.998457835191594,"loss",0.00708666008791146
"chr16",192382,192391,28,31,0,0,15,16,0,0,24,13,15,28,0,23,19,22,22,0,39,36,22,13,26,30,25,19,31,136985,3522,"upstream","NPRL3",0.0367538205480866,0.689852998328087,"gain",0.44100108298104,0.561258240129888,"not significant",0.0160272709136811
"chr16",14013369,14013395,105,90,0,75,85,122,0,72,73,91,54,60,0,118,0,69,0,0,160,92,95,113,99,160,99,90,107,141638,618,"upstream","ERCC4",0.00273526001733629,1.27818019952219,"gain",0.221792923409635,-0.561503527897167,"not significant",0.00463897381120634
"chr16",15239997,15240056,29,16,18,21,0,15,22,14,19,0,0,22,32,0,23,15,0,18,39,44,30,25,18,44,0,46,49,141863,4497,"upstream","Y_RNA",0.013380696772842,1.345346982271,"gain",0.71906857885962,-0.387516436514939,"not significant",0.00617940703884157
"chr16",30108148,30108152,128,77,75,113,0,94,0,80,85,49,61,73,118,101,76,89,79,0,164,105,89,100,113,187,80,73,201,144300,4939,"upstream","TBX6",0.0246184460988786,0.75721657021612,"gain",0.8238540535235,0.0445945761228461,"not significant",0.023569089010706
"chr16",30938997,30939013,0,0,34,18,21,22,28,0,16,0,0,0,18,15,14,19,17,25,73,20,19,24,68,17,24,15,26,144810,4406,"upstream","FBXL19-AS1",0.011083104163475,1.35767811983656,"gain",0.389663453172046,-0.310246289839727,"not significant",0.0319589210408607
"chr16",57829476,57829498,72,16,53,48,26,0,30,20,18,0,0,19,0,0,21,12,17,32,24,16,23,20,42,53,0,39,65,147844,2599,"upstream","CTD-2600O9.1",0.0234927555420828,1.3967366825359,"gain",0.0433695134448063,-1.47695888102998,"loss",0.0361186200266158
"chr16",67692824,67692846,117,71,83,45,70,85,0,123,0,0,47,0,148,0,87,56,80,0,160,78,91,74,75,139,78,81,168,149313,2002,"upstream","PARD6A",0.0188365985962183,1.32728701072601,"gain",0.174613758429298,-0.828888083607246,"not significant",0.0170712086462995
"chr16",67875358,67875376,130,88,94,87,71,102,110,83,90,0,61,78,142,0,0,0,0,0,133,70,109,84,91,111,71,87,148,149389,836,"upstream","THAP11",0.0114242592606524,1.43690667923943,"gain",0.0164714566841998,-1.36596865584657,"loss",0.00142787560816472
"chr16",74806919,74809050,81,51,42,43,48,73,67,55,40,49,36,53,77,67,62,52,46,52,100,73,70,51,61,94,76,51,115,151063,0,"overlapStart","FA2H",0.0303405092923427,0.523849062145754,"gain",0.656521504341505,-0.106722214144184,"not significant",0.0146335164437387
"chr16",75584045,75584052,35,27,23,38,24,31,18,16,0,0,0,30,23,18,34,14,0,0,56,11,32,24,33,32,27,0,42,151388,4718,"upstream","RP11-77K12.7",0.0380555803721978,1.26280987933098,"gain",0.0276636975988544,-1.15503078614262,"loss",0.0229186223447453
"chr16",84233728,84233756,59,22,0,47,40,28,18,25,0,23,11,11,44,24,24,0,0,0,39,29,30,0,62,46,13,58,50,152309,3068,"upstream","RP11-486L19.2",0.0150054162749604,1.40711783598261,"gain",0.0654007491211859,-1.12476281990758,"not significant",0.0309594395590522
"chr16",88635863,88635869,127,53,79,79,91,0,85,107,0,67,55,0,141,0,0,64,0,92,127,57,84,66,139,102,92,115,164,153747,919,"upstream","ZC3H18",0.0134221498148251,1.32689303308509,"gain",0.123717627242759,-0.889571119408492,"not significant",0.0113303564222694
"chr16",88784952,88784997,45,32,0,30,33,37,41,24,0,28,24,23,42,0,36,0,0,24,61,23,41,20,38,30,25,33,50,153867,2206,"upstream","MIR4722",0.0488397940483212,1.01082703048436,"gain",0.0793476003784436,-0.773185782078959,"not significant",0.0380268538518377
"chr16",89221706,89221710,31,29,22,33,0,31,37,42,0,26,20,0,23,17,0,0,23,21,34,28,24,0,29,30,16,23,44,153994,3843,"upstream","LINC00304",0.0232451735222905,0.962525294581337,"gain",0.0104210220602652,-1.11334147307594,"loss",0.0290937132919755
"chr16",89480450,89480473,45,24,22,31,18,23,29,0,0,18,0,10,17,0,21,15,18,0,31,17,24,22,11,19,19,0,37,154336,1477,"upstream","RP1-168P16.2",0.0319819751440537,1.01449956969512,"gain",0.00794921079663901,-1.27753397552891,"loss",0.0273024105186907
"chr16",90088662,90088693,93,57,102,100,62,89,61,77,0,37,49,69,121,0,0,0,78,83,123,91,90,75,102,78,56,57,120,154765,2125,"upstream","DBNDD1",0.0267426143180757,1.00987024402406,"gain",0.0671087676047924,-0.874619172005505,"not significant",0.012463462620695
"chr17",881720,881748,72,52,49,57,45,41,39,56,0,37,31,0,60,0,0,41,51,0,133,43,45,0,52,61,67,75,104,154961,3527,"upstream","AC015884.1",0.00795802552325406,1.55055246993532,"gain",0.0152898952729973,-1.22356296504439,"loss",0.00714458981172688
"chr17",899678,899695,0,88,0,91,89,100,86,100,92,70,0,0,131,0,0,86,99,131,181,86,130,89,142,140,119,101,61,154974,661,"upstream","TIMM22",0.0488397940483212,0.936503638115985,"gain",0.785666209753763,-0.185371843030218,"not significant",0.0352750731274867
"chr17",1549002,1549175,96,37,35,62,27,49,50,52,61,0,24,0,36,0,19,35,26,0,47,0,64,23,43,36,38,66,54,155347,0,"overlapStart","SCARF1",0.0321357162626691,1.03622677888692,"gain",0.00734398912830017,-1.34330174567993,"loss",0.0126120963076303
"chr17",4688618,4688627,92,0,84,104,38,43,34,64,0,45,65,0,0,0,30,37,51,0,47,28,100,25,94,90,33,108,120,156645,3626,"upstream","GLTPD2",0.0188897165480774,1.65226842959092,"gain",0.0573625434882703,-1.33138842413643,"not significant",0.0102964700712491
"chr17",4691981,4692007,92,89,84,104,89,106,128,64,0,45,65,0,186,86,0,0,0,0,230,69,100,71,94,90,82,108,120,156658,2252,"upstream","VMO1",0.0054653475343681,1.48746360163926,"gain",0.00986049186349544,-1.30674169107269,"loss",0.0103182189270952
"chr17",4841395,4841431,150,69,73,94,83,113,91,109,80,0,55,0,0,107,0,0,101,101,119,70,113,91,116,134,0,116,125,156879,1871,"upstream","RNF167",0.0127658734267614,1.14548978648638,"gain",0.0432591728933207,-1.13853702584461,"loss",0.0115162375459668
"chr17",4900192,4900194,128,92,105,0,78,106,104,98,84,69,0,0,99,136,77,0,0,117,186,106,114,0,122,143,124,89,205,156942,1048,"upstream","KIF1C",0.0234927555420828,1.05591598925367,"gain",0.192962885125058,-0.610758501598494,"not significant",0.0462273436878055
"chr17",40429366,40429412,0,85,0,122,0,0,81,76,86,0,70,88,117,73,0,80,98,95,145,62,108,92,135,109,106,83,176,167239,640,"upstream","STAT5B",0.0372530402810426,0.675121375407817,"gain",0.297981912089377,0.63584366972334,"not significant",0.00904193774658588
"chr17",41172266,41172277,100,106,0,91,66,98,89,68,0,46,0,19,122,0,64,18,67,0,126,69,83,0,92,84,74,96,103,167741,4980,"upstream","RND2",0.0150956699809426,1.26549722458588,"gain",0.0348654628782918,-1.20107370001298,"loss",0.0178964731976904
"chr17",44269108,44269117,136,0,170,162,178,0,134,128,0,73,60,117,0,186,206,0,0,181,202,116,161,129,223,196,102,140,320,169382,1824,"upstream","KANSL1-AS1",0.0365048824162236,1.10115788237194,"gain",0.618653232430755,-0.463727961756652,"not significant",0.0384133420060426
"chr17",45265677,45267064,177,140,114,105,107,136,140,109,111,128,60,118,218,88,111,68,129,125,131,128,173,124,163,186,147,164,205,169528,0,"overlapStart","CDC27",0.0112974013302808,0.449768250187151,"gain",0.398127810909076,-0.152626961580562,"not significant",0.0363856205667554
"chr17",56165557,56165563,71,60,76,0,82,32,0,75,24,52,50,24,0,0,29,0,21,65,91,93,73,65,0,89,28,64,95,172109,4991,"upstream","RP11-159D12.10",0.0122962686283924,1.32615621819259,"gain",0.0965378996505552,-0.90143616551641,"not significant",0.0262997786618456
"chr17",59486610,59486612,0,57,0,61,45,64,43,55,52,41,44,0,71,65,46,0,53,0,141,0,79,43,73,101,82,68,153,172824,2499,"upstream","C17orf82",0.0173929439077191,1.14422574285333,"gain",0.753336462378147,-0.127065191695148,"not significant",0.0183560768370176
"chr17",68167459,68167514,102,37,59,16,78,33,69,0,0,52,41,60,129,13,26,21,0,32,151,68,97,69,71,82,51,94,124,174039,1915,"upstream","KCNJ2-AS1",0.00483013134098236,1.26153349683519,"gain",0.349849600442951,-0.397085454456102,"not significant",0.00891749857268139
"chr17",73520578,73520669,79,47,0,49,40,45,0,66,0,36,31,0,46,37,0,34,0,50,108,37,43,33,44,67,41,52,90,175548,491,"upstream","LLGL2",0.010976686664646,1.29006699593223,"gain",0.113243398819228,-0.800291529535035,"not significant",0.0239445594798897
"chr17",74378987,74382137,38,28,36,32,37,41,35,35,25,22,21,40,36,36,30,32,35,34,56,38,46,29,39,40,31,38,66,176223,0,"overlapStart","PRPSAP1",0.0220674719858835,0.452432905239404,"gain",0.153209646219568,-0.180708677155553,"not significant",0.0186362487623129
"chr17",74497164,74497898,44,41,39,39,33,47,30,36,35,35,27,26,45,28,30,33,29,41,48,48,46,32,37,49,45,38,58,176364,0,"overlapStart","RHBDF2",0.00421633985007054,0.437517746164729,"gain",0.0613822847185399,-0.231447349056495,"not significant",0.00326393011752789
"chr17",77751147,77751188,77,51,49,68,0,55,0,0,42,29,0,48,51,0,38,0,46,61,113,47,86,40,49,88,49,39,100,178377,742,"upstream","CBX2",0.0244295335539341,1.1078236448765,"gain",0.389663453172046,-0.251538766995964,"not significant",0.0224290992585485
"chr17",79874894,79875981,69,40,68,46,112,98,56,105,69,43,24,44,63,75,49,42,47,41,71,37,67,49,132,65,69,111,112,180155,4793,"upstream","RP11-498C9.12",0.0371697136278563,0.672659318326652,"gain",0.091206767720848,-0.579145174125842,"not significant",0.0400260883474462
"chr17",79993694,79993697,0,68,65,91,0,102,0,105,67,64,0,114,70,81,58,0,100,0,127,76,118,59,78,132,97,58,134,180358,2083,"upstream","RP13-650J16.1",0.0495413033237329,0.817980282539266,"gain",0.927888453292047,0.0402700120727278,"not significant",0.0489619776772713
"chr17",80548742,80548745,102,68,80,63,48,62,0,57,0,37,51,0,81,70,93,0,0,0,107,70,75,65,70,78,55,57,113,180931,2454,"upstream","RP13-638C3.3",0.0287528958519957,1.20741621376366,"gain",0.205146214241793,-0.853779259148956,"not significant",0.0162447098097478
"chr18",19749911,19750125,16,0,18,28,21,17,18,25,14,0,13,19,31,26,24,21,20,34,0,0,16,0,17,19,19,14,0,183031,981,"upstream","GATA6-AS1",0.0258060314116831,-1.09681745316904,"loss",0.562969617832468,0.176412051086043,"not significant",0.0448788307203797
"chr18",45936090,45937187,49,37,47,72,48,57,57,47,29,24,22,41,44,37,33,49,55,46,67,30,54,51,45,51,42,50,70,184455,0,"overlapStart","ZBTB7C",0.0304133061680621,0.427637536058477,"gain",0.0183014691859056,-0.44555944405574,"loss",0.021604436186972
"chr19",408692,410177,45,21,38,41,38,38,43,32,39,26,36,35,55,39,28,39,31,33,56,47,40,37,48,40,39,45,76,187873,0,"overlapStart","C2CD4C",0.00677853231106923,0.397615052959026,"gain",0.503393110008558,-0.0355264336291411,"not significant",0.0300719304965983
"chr19",1503336,1503408,31,29,0,32,33,37,37,23,24,14,38,27,30,0,0,43,27,21,54,41,31,28,43,41,20,37,58,189095,4972,"upstream","CTB-25B13.9",0.0220090375028056,0.808172544658626,"gain",0.305372598949047,-0.308989039179864,"not significant",0.0291982444121381
"chr19",1813507,1813534,81,0,56,53,44,56,47,0,55,0,43,0,35,0,41,58,0,63,84,39,67,56,45,53,54,51,75,189261,1231,"upstream","ATP8B3",0.0365048824162236,0.980854950733297,"gain",0.341717004210456,-0.513961731820017,"not significant",0.0487688900750638
"chr19",2014641,2015426,99,38,49,74,58,80,44,66,53,52,44,71,69,64,54,47,53,37,85,65,63,51,59,80,68,101,129,189543,4902,"upstream","RN7SL226P",0.0246815307286795,0.517810886205334,"gain",0.373765749273417,-0.223149940409189,"not significant",0.0423115212366001
"chr19",4791768,4791770,83,86,57,52,48,91,49,49,0,43,0,0,84,56,0,55,0,67,103,0,76,62,73,103,38,51,102,192213,548,"upstream","AC005523.3",0.0464495238610955,1.14726517443839,"gain",0.0655429279320141,-1.07769128450769,"not significant",0.0250947232436733
"chr19",8007956,8009238,108,65,40,59,84,80,89,109,83,61,51,71,108,70,87,52,89,75,137,88,111,77,93,105,98,71,146,193875,0,"overlapStart","TIMM44",0.0142632291799166,0.461907043916049,"gain",0.624705115842488,-0.0853026922375323,"not significant",0.026866288989941
"chr19",11266138,11266885,49,65,37,34,57,43,45,54,22,34,25,39,50,42,47,20,29,56,66,46,34,57,70,68,42,43,78,195421,0,"overlapStart","SPC24",0.0159184227476392,0.62148837674627,"gain",0.0754097196620282,-0.399095955409822,"not significant",0.0106290286442054
"chr19",14542770,14542808,107,70,67,55,60,87,0,90,0,57,46,63,0,70,58,0,53,0,94,57,96,46,115,87,0,59,116,197760,1056,"upstream","PKN1",0.0355137063623739,1.10122852621192,"gain",0.0310879161965565,-0.949225432766874,"loss",0.036838523755636
"chr19",15559883,15559896,95,51,138,63,74,118,105,52,0,0,37,0,0,87,63,0,91,73,131,78,76,0,65,156,64,76,121,198249,462,"upstream","MIR1470",0.0380555803721978,1.27975864064342,"gain",0.0195116973258634,-1.30954437043153,"loss",0.0137900220676755
"chr19",16221657,16221678,57,0,49,52,76,57,44,53,35,43,29,0,56,0,0,26,50,0,83,54,48,43,45,87,52,0,48,198355,760,"upstream","RAB8A",0.0320588182804102,1.09662633640868,"gain",0.0219812244176978,-1.02097412909374,"loss",0.031910616481404
"chr19",19026115,19026140,48,28,0,20,21,36,26,19,30,0,26,30,32,21,0,0,0,32,62,0,48,23,26,30,40,41,77,200582,4343,"upstream","DDX49",0.0474425793937293,1.17294243113741,"gain",0.620702847349808,-0.533432200081074,"not significant",0.0445346355957199
"chr19",33571553,33571567,166,103,109,163,69,154,0,98,76,74,61,93,0,111,0,0,0,104,180,0,135,135,73,179,94,121,169,202499,218,"upstream","GPATCH1",0.0150505137839449,1.21722075289153,"gain",0.0535634794578718,-1.05388142561858,"not significant",0.0229488950805283
"chr19",35528706,35528867,50,32,28,0,18,0,18,16,14,25,0,0,34,21,34,0,28,0,56,19,34,24,27,43,22,28,45,202947,2542,"upstream","HPN",0.0398978752014033,1.08576939504496,"gain",0.716911152747773,-0.376375878909739,"not significant",0.0428715222237143
"chr19",39440562,39440575,0,39,0,62,35,0,39,0,0,20,44,42,60,89,57,30,45,0,103,44,59,54,51,60,59,55,72,205068,66,"upstream","SARS2",0.0450769820711791,0.677346854640671,"gain",0.189189904355536,0.823050549424719,"not significant",0.00697022051325539
"chr19",39629547,39629550,35,21,28,24,21,29,27,25,0,0,20,0,29,20,0,22,25,0,30,16,45,0,25,29,25,27,32,205195,2443,"upstream","CTC-218B8.3",0.0222036684169007,1.13322588641442,"gain",0.0133507865620273,-1.17819261742591,"loss",0.0103294353709257
"chr19",39737838,39737843,56,56,52,45,0,34,41,33,30,0,18,33,0,30,0,35,0,18,57,50,39,0,47,40,39,31,76,205250,2191,"upstream","IFNL3",0.0044304630881877,1.36050512699806,"gain",0.00907455127868183,-1.27271512040869,"loss",0.00844838754938511
"chr19",45639866,45640960,63,28,41,32,30,32,40,26,19,19,24,27,38,18,35,20,24,22,41,27,46,24,35,26,23,24,50,207883,0,"overlapStart","AC005757.6",0.0442282659382761,0.41894195373476,"gain",0.0112056142069345,-0.56923814842814,"loss",0.0441472507561501
"chr19",46171312,46171330,95,39,39,35,0,69,28,36,0,38,0,0,0,57,47,37,32,0,84,49,52,26,52,68,39,41,66,208224,171,"upstream","GIPR",0.00739752568296109,1.32874936074338,"gain",0.174382940313805,-1.01445683520435,"not significant",0.0188709320280004
"chr19",47103630,47103647,102,79,63,83,71,81,57,83,0,0,45,0,0,86,71,0,76,77,84,77,92,0,81,77,64,64,99,208807,683,"upstream","CALM3",0.0460535044487,0.997740492817875,"gain",0.0309991539761033,-1.12404847970958,"loss",0.0127217274264122
"chr19",52673506,52673525,165,83,136,85,88,105,89,78,0,59,35,0,0,0,71,79,0,78,88,62,88,54,75,87,51,0,105,212333,885,"upstream","CTD-2525I3.2",0.0464495238610955,1.07375164778068,"gain",0.000641152205124662,-1.6862395082685,"loss",0.00054319248738632
"chr19",57793820,57793878,15,88,119,15,108,93,97,132,0,0,67,0,131,17,0,14,19,18,142,0,93,114,138,0,132,20,131,214350,2117,"upstream","CTC-444N24.6",0.0464495238610955,1.68543529352612,"gain",0.0285718311718079,-1.64818861057076,"loss",0.0261312605824134
"chr19",58094872,58094911,0,34,74,64,38,33,51,0,0,41,26,0,84,69,0,43,60,50,91,47,64,55,73,58,53,53,79,214498,4576,"upstream","ZNF416",0.0449825090795272,0.771362601946717,"gain",0.96419350377867,0.0214313805315109,"not significant",0.0496569840887183
"chr2",61372772,61372780,74,58,0,40,35,36,49,39,62,64,41,49,71,63,75,52,71,75,0,0,38,31,0,0,38,51,0,222521,667,"upstream","AC016747.3",0.000455485676928444,-1.82730451140185,"loss",0.0162729642868794,0.590472851329422,"gain",8.9714732672035e-05
"chr2",120770119,120770241,132,81,92,95,115,143,117,82,103,78,33,109,0,0,0,91,0,0,178,71,95,71,159,167,0,105,113,229181,339,"upstream","EPB41L5",0.0309880744986897,1.36390314096386,"gain",0.0080821189642729,-1.37159253150054,"loss",0.00572416250048678
"chr2",182321773,182321778,23,43,36,35,33,35,33,19,53,20,22,35,47,49,30,19,32,31,0,0,0,0,19,0,27,0,37,233784,150,"upstream","ITGA4",0.0047876054092548,-1.87383691149021,"loss",0.858520832193558,0.0733267922009436,"not significant",0.000256973742041761
"chr2",198363422,198363425,0,0,70,133,99,168,91,118,0,63,81,0,0,148,0,109,106,159,213,84,134,110,167,122,120,70,185,234496,1292,"upstream","HSPE1",0.0241158244435914,1.00744215749111,"gain",0.556356592188361,-0.349817492060832,"not significant",0.0496709132110143
"chr2",201559807,201559827,34,17,21,22,0,33,27,27,20,25,0,0,25,18,21,20,0,0,35,0,50,24,24,44,22,14,39,234831,812,"upstream","AOX2P",0.0432894096559901,1.11805576152171,"gain",0.0588323112455189,-0.810546726547314,"not significant",0.0496854920267052
"chr2",207307240,207307258,105,78,75,80,81,0,105,107,85,0,49,0,95,81,0,0,0,64,103,66,95,52,89,76,60,64,123,235335,1004,"upstream","ADAM23",0.0355137063623739,1.11290327375611,"gain",0.0632717902733927,-1.07652982998227,"not significant",0.0166325364043066
"chr2",214014863,214014896,62,76,45,47,83,0,65,56,0,43,42,46,0,55,39,0,0,0,54,36,64,40,87,64,48,59,86,235736,2797,"upstream","RP11-105N14.1",0.00576581635394697,1.40968426478464,"gain",0.00867628958885797,-1.2696981361148,"loss",0.00299939664086889
"chr2",230784818,230784887,101,85,89,85,79,115,83,81,80,58,54,71,0,0,0,69,0,0,132,59,99,62,100,124,62,0,131,237590,2130,"upstream","FBXO36",0.0201702228085917,1.36380345005995,"gain",0.000543200327567033,-1.43472869736349,"loss",0.00210168205505579
"chr2",232789799,232791460,69,32,22,38,48,40,34,44,37,25,28,28,51,31,45,32,38,37,84,34,55,48,58,60,40,45,71,238192,0,"overlapStart","NPPC",0.00421633985007054,0.643856189774724,"gain",0.305874315452878,-0.215643301748147,"not significant",0.00783501589458846
"chr2",239198691,239198807,94,59,56,71,67,61,59,51,0,42,36,0,0,0,51,0,48,74,87,0,73,58,80,57,51,68,65,239814,0,"overlapStart","PER2",0.0113870278504152,1.25460100224678,"gain",0.0040260756935181,-1.36719282862314,"loss",0.00245362423002584
"chr2",240221927,240222527,42,37,30,40,20,36,33,0,0,25,27,0,31,23,30,0,0,41,48,20,35,17,32,39,33,35,40,240348,4629,"upstream","MIR4269",0.0296877855271323,0.908399217560158,"gain",0.0878610478041331,-0.749140308112308,"not significant",0.0473611290986747
"chr2",242497887,242497897,102,60,0,0,54,70,53,59,61,44,34,0,0,65,60,40,0,0,94,44,65,44,85,88,49,70,159,241421,238,"upstream","BOK",0.00519745191389163,1.35115880621112,"gain",0.277212030947766,-0.710625201987426,"not significant",0.0158532804025692
"chr20",824785,824840,0,0,38,38,37,33,29,36,33,0,16,45,29,27,0,37,29,0,56,44,65,42,21,61,0,44,63,241915,4164,"upstream","RPS10L",0.0266753417142339,1.02647221136119,"gain",0.344033674206079,-0.288139781431079,"not significant",0.0367762938795306
"chr20",4573128,4573132,0,60,67,59,31,50,47,0,0,41,32,0,39,27,84,42,38,0,117,0,83,45,70,80,54,50,79,243161,1181,"upstream","RPL7AL2",0.0173929439077191,1.08375479247278,"gain",0.30183194621654,-0.373374860306038,"not significant",0.0446314391033944
"chr20",13765072,13765075,116,78,88,107,68,0,0,74,0,82,36,85,129,96,0,65,0,0,136,107,112,90,114,121,50,84,153,243862,520,"upstream","NDUFAF5",0.0123735028944046,1.12393133654398,"gain",0.497287662369428,-0.429052309313605,"not significant",0.0181140544040843
"chr20",24976880,24976886,121,32,0,75,65,35,25,80,29,55,0,25,55,0,0,24,0,34,45,35,118,74,78,49,0,68,110,245069,3264,"upstream","APMAP",0.0119514864802554,1.53001473574043,"gain",0.0480047247336539,-1.28573544326398,"loss",0.0253650323920965
"chr20",25227768,25227776,113,104,71,122,0,91,121,91,87,0,47,0,170,0,0,0,89,100,214,61,143,68,92,118,102,102,93,245251,928,"upstream","PYGB",0.0188365985962183,1.16220916459551,"gain",0.0701399214818035,-0.854242524953339,"not significant",0.0415337120060305
"chr20",32399157,32399161,132,123,98,111,89,151,85,91,0,62,50,103,0,126,77,0,0,0,221,0,90,72,153,120,70,66,157,246739,253,"upstream","RP4-553F4.6",0.0381428066474286,1.33490823838528,"gain",0.0080821189642729,-1.39592867633114,"loss",0.0103451538809704
"chr20",36661022,36661024,142,98,0,100,72,84,78,0,0,103,43,73,138,0,0,50,72,0,126,63,100,86,95,140,80,89,123,248219,923,"upstream","RPRD1B",0.0194241567361723,1.06510487096425,"gain",0.277212030947766,-0.58295317582687,"not significant",0.0433407418798171
"chr20",49307875,49308448,43,33,54,29,37,44,43,46,22,22,38,20,47,39,32,31,26,32,44,58,44,29,45,68,27,33,56,251639,0,"overlapStart","FAM65C",0.0302677664471433,0.53875154829247,"gain",0.0365039066365132,-0.412408840718229,"loss",0.0216919277870893
"chr20",62585613,62588719,83,57,79,65,78,123,58,49,50,57,56,101,81,101,85,48,79,86,96,102,77,96,134,107,86,93,136,254291,0,"overlapStart","UCKL1",0.014178099427467,0.469269810962549,"gain",0.823943754898971,0.0077773505917195,"not significant",0.0101477820462949
"chr21",34143000,34143002,0,103,97,96,106,127,112,83,0,67,56,0,140,89,0,73,0,0,149,81,103,61,105,112,87,95,145,255317,1408,"upstream","C21orf49",0.00742398541679837,1.29412817493536,"gain",0.0298523810488965,-1.0904549509455,"loss",0.00724388722553696
"chr21",38443965,38444050,108,83,92,99,96,121,122,98,0,64,57,0,183,91,88,0,0,0,206,0,135,92,123,111,69,92,171,256140,1475,"upstream","TTC3",0.0201702228085917,1.2004645824017,"gain",0.0080821189642729,-1.0837683576926,"loss",0.0276122347131056
"chr21",47401100,47401103,0,47,60,60,63,59,61,55,0,72,29,0,85,0,0,0,70,42,100,59,52,57,46,106,68,60,128,258393,547,"upstream","COL6A1",0.0290395403290796,1.33371400926507,"gain",0.319224246160606,-0.764537672197188,"not significant",0.00992697545779
"chr22",22011745,22011839,33,16,0,33,16,0,21,0,26,0,24,20,47,26,17,39,22,0,56,0,33,27,40,39,35,33,86,260888,4383,"upstream","KB-1440D3.13",0.0406053455615389,0.811183760263271,"gain",0.26098134903654,0.571156701196126,"not significant",0.0286183352205558
"chr22",26824412,26824427,54,45,59,0,47,49,67,49,0,0,39,33,0,65,43,52,0,0,87,35,44,34,40,48,41,70,72,262042,811,"upstream","ASPHD2",0.0290395403290796,1.17360534793026,"gain",0.0463593618637881,-0.995328560276102,"loss",0.0202295837621205
"chr22",31502531,31504085,80,64,72,55,62,79,67,73,53,48,38,62,72,95,65,51,55,78,102,66,61,83,85,92,65,69,153,263388,4917,"upstream","RP3-412A9.12",0.0274184453880797,0.48278925648276,"gain",0.154491894143241,-0.161325872516113,"not significant",0.0393246749054722
"chr22",35653191,35653202,0,98,135,177,115,0,154,139,0,63,66,72,0,111,0,135,0,118,184,61,152,93,140,152,97,148,169,263936,242,"upstream","HMGXB4",0.00766433690251035,1.23389771034061,"gain",0.103121490453947,-0.855778070526561,"not significant",0.018000619849651
"chr22",41617434,41617465,24,18,12,24,14,26,16,18,17,14,0,0,17,0,0,0,12,0,22,21,17,12,17,20,13,12,22,267233,3802,"upstream","RP4-756G23.5",0.00665174774385131,1.53051471669878,"gain",0.00425691338849406,-1.66296501272243,"loss",0.000169686453250909
"chr22",44893452,44894675,122,41,57,59,88,72,60,72,59,45,49,44,113,62,72,71,73,76,104,53,121,67,136,90,70,86,131,268887,0,"overlapStart","LDOC1L",0.0434735543094676,0.521797499597671,"gain",0.858593458983165,-0.10423559890328,"not significant",0.0454806457744723
"chr3",9404406,9404427,83,0,71,0,95,0,83,69,0,58,39,45,88,47,74,0,67,0,130,56,66,53,131,97,45,75,103,271557,98,"upstream","THUMPD3",0.0271474391773962,1.00688638558524,"gain",0.468818724609875,-0.2620273892614,"not significant",0.0418216468099076
"chr3",39093029,39093031,0,0,106,160,138,140,88,108,0,112,65,132,151,111,0,73,0,0,146,118,217,93,117,215,117,145,140,275030,457,"upstream","WDR48",0.00975306676564948,1.17423304082852,"gain",0.389917370185839,-0.522392677289057,"not significant",0.014487220763936
"chr3",47204323,47204347,159,133,110,119,137,0,150,155,0,68,61,129,158,115,0,0,0,0,235,115,144,98,138,126,91,100,213,276488,1639,"upstream","KIF9-AS1",0.0168504304554142,1.39864306102818,"gain",0.0373843514363583,-1.18075203192667,"loss",0.00601262855051334
"chr3",58410506,58410535,29,30,0,26,34,33,0,0,24,17,26,33,38,30,39,17,17,31,22,14,27,0,17,17,0,11,0,279934,3446,"upstream","RP11-802O23.3",0.00570068685819494,-1.18057224564182,"loss",0.421253246129784,0.517607232919392,"not significant",0.0294502418767419
"chr3",111804874,111804876,100,56,64,44,0,53,0,27,45,34,22,0,0,0,34,27,39,0,100,37,78,33,34,65,45,21,87,282100,305,"upstream","C3orf52",0.0171454642444435,1.46673568692821,"gain",0.102936836273236,-1.09714115841053,"not significant",0.024983493794225
"chr3",129330562,129330586,39,23,0,28,21,24,25,18,25,0,14,0,0,0,0,22,29,30,65,27,20,22,16,31,22,28,40,284880,4900,"upstream","PLXND1",0.0353492347391062,1.3272615391904,"gain",0.221545416892227,-0.890770930245242,"not significant",0.0222942855349145
"chr3",158288595,158288621,76,58,68,61,48,0,0,59,0,49,44,61,68,70,0,59,0,0,94,69,85,80,70,101,60,36,93,287060,330,"upstream","MLF1",0.00527765381787313,1.12294062784259,"gain",0.525733319901106,-0.397982335099114,"not significant",0.0100208196312119
"chr3",196466435,196466439,157,0,119,134,79,143,0,110,86,61,75,86,0,128,118,0,0,0,201,69,142,55,147,93,82,119,180,290709,288,"upstream","PAK2",0.0296877855271323,1.1257237686462,"gain",0.135154721828655,-0.743461305458977,"not significant",0.047136617260755
"chr4",2059809,2059851,95,44,83,82,44,0,89,53,0,32,0,0,86,0,79,0,63,71,96,103,70,48,68,96,55,81,88,292118,1387,"upstream","NAT8L",0.0150505137839449,1.24279513392399,"gain",0.103121490453947,-0.887878627082715,"not significant",0.0132224326139283
"chr4",3075153,3075167,0,88,90,77,0,135,0,96,83,0,51,0,116,78,115,68,0,90,164,50,121,82,133,101,69,100,177,292651,1240,"upstream","HTT",0.0450769820711791,0.88223160713206,"gain",0.89195927076922,-0.0155194177819577,"not significant",0.047830353233998
"chr4",40057369,40057371,89,73,93,0,82,0,121,78,94,51,0,0,0,84,94,113,0,146,134,91,124,80,124,111,87,118,156,295763,1074,"upstream","N4BP2",0.0363391752992515,0.968535944929574,"gain",1,-0.203141942436851,"not significant",0.0252242276021297
"chr4",46125935,46126291,21,35,28,40,24,31,19,32,33,23,16,16,50,51,32,47,38,46,30,0,37,20,33,23,14,0,29,296135,0,"overlapStart","GABRG1",0.0450769820711791,-0.768269714084216,"loss",0.285822834568539,0.29201347280556,"not significant",0.0478056459711338
"chr4",55523582,55523583,61,55,51,52,30,62,0,53,50,43,0,44,99,0,0,0,68,0,137,45,73,40,61,79,56,48,95,296585,501,"upstream","KIT",0.0290395403290796,1.21241461014087,"gain",0.174613758429298,-0.581795221642473,"not significant",0.0275050949019488
"chr4",57301005,57301006,64,0,0,69,76,0,72,44,0,37,33,64,70,62,75,49,0,0,127,54,94,44,72,58,61,67,91,296745,900,"upstream","PAICS",0.0450769820711791,0.928377072169492,"gain",0.751299713897385,-0.0588936890535686,"not significant",0.0338299878477009
"chr4",174254503,174254507,194,101,71,112,98,110,105,94,0,80,85,0,188,113,0,0,0,0,197,63,133,81,99,121,68,54,154,302372,3657,"upstream","RP11-798M19.3",0.0421687970955558,1.20965788586526,"gain",0.033437318950433,-1.24727559520344,"loss",0.0236426745588507
"chr5",6712191,6712192,0,57,0,0,67,0,72,75,0,56,42,74,68,0,85,72,69,68,89,90,56,71,72,147,100,68,87,304045,4366,"upstream","CTD-2044J15.1",0.0243038775296868,0.698637475507107,"gain",0.318964763627891,0.65661879544632,"not significant",0.00620410206313373
"chr5",52856440,52856441,147,0,101,0,107,0,93,79,103,62,0,74,0,64,107,135,161,0,160,68,131,95,149,158,111,87,164,306083,21,"upstream","NDUFS4",0.0450769820711791,0.821620932574471,"gain",0.963887994366147,0.0999371267466031,"not significant",0.0424940063350377
"chr5",58334680,58334713,72,52,71,55,76,84,105,0,47,33,0,47,64,47,52,68,65,107,0,0,35,30,0,0,36,35,58,306401,874,"upstream","RP11-266N13.2",0.0148704767018946,-1.29793261381838,"loss",0.141392949753164,-0.280508167507382,"not significant",0.00783924927146138
"chr5",67510461,67510478,206,101,119,168,118,0,126,106,0,57,63,150,203,142,0,0,0,0,321,88,141,84,187,118,100,124,220,307011,1069,"upstream","PIK3R1",0.0356783870633585,1.32114593436894,"gain",0.147608938028495,-0.940128544022601,"not significant",0.0334705377384679
"chr5",72921341,72921392,76,45,54,76,64,39,90,60,0,39,35,29,47,0,33,0,0,0,63,49,58,40,0,64,57,47,90,307563,590,"upstream","ARHGEF28",0.00322492633960549,1.50666797474441,"gain",0.000882588881233755,-1.78350818010324,"loss",0.000277497074663069
"chr5",112824514,112824566,41,43,35,62,33,26,56,0,38,14,23,41,73,44,38,25,63,58,35,29,0,19,0,18,26,0,40,309804,0,"overlapStart","MCC",0.019693579405884,-1.16819618752556,"loss",0.722007818404328,0.172522112928352,"not significant",0.0243860970690609
"chr5",131628776,131628780,162,90,67,114,84,102,93,89,0,60,38,0,0,111,126,0,0,0,179,67,119,73,85,116,64,69,126,310967,1355,"upstream","SLC22A4",0.00792973242585391,1.57455744284106,"gain",0.0164714566841998,-1.57956924195094,"loss",0.00167479526663131
"chr5",132082702,132082704,82,0,0,77,67,0,78,42,79,55,52,58,78,0,0,84,58,0,197,103,66,54,94,81,65,68,198,311192,432,"upstream","CCNI2",0.019693579405884,1.14889048157771,"gain",0.891901680294506,0.101424672603485,"not significant",0.011984060941741
"chr5",137389656,137389764,82,33,95,50,43,49,50,47,0,50,32,36,62,51,52,45,59,51,0,0,44,44,0,39,0,0,59,312186,2005,"upstream","FAM13B",0.0418897017516953,-1.08362515504809,"loss",0.89370015048795,-0.357712670027336,"not significant",0.00728673889195084
"chr5",141061355,141061936,42,28,33,39,39,50,37,28,26,30,16,34,28,19,36,28,29,28,47,30,34,27,40,29,31,30,38,313844,0,"overlapStart","ARAP3",0.0365048824162236,0.311358853177175,"gain",0.0172880712294539,-0.433349377555785,"loss",0.0145479970250607
"chr5",149864717,149864787,91,62,0,92,64,71,87,73,71,0,49,0,104,0,0,65,0,81,128,62,88,72,102,70,61,71,116,315052,593,"upstream","NDST1",0.0260724683352742,1.209336268511,"gain",0.135154721828655,-0.867362231421881,"not significant",0.012984066899365
"chr5",160972671,160972722,56,0,60,65,54,45,67,45,50,36,35,36,57,47,37,45,54,68,36,0,0,39,0,46,0,0,44,316311,1346,"upstream","GABRA6",0.0149153976514021,-1.34276159830453,"loss",0.326880960912445,-0.0755510330071767,"not significant",0.00273292543805835
"chr5",167956081,167956085,45,0,61,27,26,23,47,39,45,33,0,0,0,0,63,43,35,42,76,39,55,45,61,78,0,44,83,316479,35,"upstream","FBLL1",0.0260724683352742,1.03399018064521,"gain",0.589896245274444,-0.36011128877525,"not significant",0.0470835932335197
"chr5",172194634,172194794,0,41,72,68,40,15,19,0,0,66,0,0,60,27,94,41,15,18,145,0,87,60,64,94,64,68,144,317066,4372,"upstream","RP11-779O18.2",0.0266081260921211,1.3293993443185,"gain",0.892755993021302,0.0101479553760829,"not significant",0.0108154719731624
"chr5",172385545,172385568,0,83,59,86,55,101,92,18,68,76,24,66,117,90,70,74,87,90,99,0,0,0,0,68,41,0,89,317186,163,"upstream","RPL26L1",0.0392813524285196,-1.20732497324751,"loss",0.504940389859895,0.303351861021282,"not significant",0.0370022944710414
"chr5",173314592,173314598,105,85,99,94,65,97,59,58,69,65,0,0,112,64,88,0,0,0,130,72,71,76,70,100,0,79,104,317468,684,"upstream","CPEB4",0.0381428066474286,0.970705693205962,"gain",0.0723957603258225,-1.05599088115093,"not significant",0.0288269536228
"chr6",5262653,5262656,79,55,51,66,49,75,70,0,76,45,24,83,105,62,102,48,87,77,0,0,75,0,61,0,0,58,78,320615,1480,"upstream","LYRM4",0.0188897165480774,-1.23017588254413,"loss",0.274281274281274,0.350052196498394,"not significant",0.0215640731450471
"chr6",10720409,10720413,41,36,70,52,64,57,65,0,24,0,22,16,27,46,0,32,0,0,66,26,31,52,66,0,73,29,75,320993,2734,"upstream","TMEM14C",0.0150505137839449,1.47565793305188,"gain",0.0080821189642729,-1.52693843799557,"loss",0.00691478414933021
"chr6",11093391,11093401,175,85,78,82,81,130,108,73,0,67,69,87,118,131,0,0,0,0,163,73,123,70,117,122,74,0,179,321060,864,"upstream","SMIM13",0.0465486374630464,1.11641739017454,"gain",0.0535634794578718,-1.1046209627107,"not significant",0.0341944738767486
"chr6",18122622,18123284,59,47,32,52,48,58,64,55,56,67,37,42,53,52,55,27,34,34,101,64,64,50,69,55,48,52,140,321946,0,"overlapStart","NHLRC1",0.0370032078959645,0.644627665714927,"gain",0.350099124677894,-0.18284526606358,"not significant",0.0266390343946896
"chr6",35419535,35419625,111,43,63,45,77,86,63,84,0,41,0,0,79,67,44,67,0,0,121,0,113,46,87,75,65,98,78,326127,512,"upstream","FANCE",0.0161222404564423,1.34857634127298,"gain",0.0219113399797632,-1.26263091120359,"loss",0.00746366945792026
"chr6",136869971,136869974,198,161,108,134,83,169,0,60,114,72,59,0,0,0,84,106,0,0,208,89,125,75,143,168,55,88,159,333867,1824,"upstream","RP3-325F22.5",0.00742398541679837,1.50347546394643,"gain",0.0298523810488965,-1.39152755413549,"loss",0.00703970985373472
"chr6",143770903,143770904,89,0,56,106,54,76,65,0,86,52,49,0,0,71,0,66,0,64,141,59,108,64,60,113,52,68,120,334274,41,"upstream","RNA5SP221",0.0296155352424404,1.16863909503691,"gain",0.297981912089377,-0.522915152620539,"not significant",0.0216098965644321
"chr6",143857683,143857684,77,72,54,73,70,73,88,67,55,39,0,0,49,0,45,49,0,0,75,0,47,48,84,57,45,47,80,334299,297,"upstream","PHACTR2",0.0418897017516953,1.17913922338256,"gain",0.000539530701258347,-1.59809177266479,"loss",0.000381099581288037
"chr6",149067430,149067440,73,47,62,89,62,66,0,50,49,30,39,70,78,68,33,53,79,79,58,0,59,34,0,46,0,0,0,334717,1023,"upstream","UST",0.0150505137839449,-1.40087076959925,"loss",0.964528103406385,0.0424259528721695,"not significant",0.00605114407017601
"chr6",150326023,150326354,57,22,41,57,24,42,37,41,24,33,14,73,38,25,24,20,28,33,75,42,51,33,53,87,38,37,67,334974,0,"overlapStart","RAET1K",0.00537886555699039,0.782480253418575,"gain",0.118626958629902,-0.362955363147417,"not significant",0.0215005780208834
"chr7",1496691,1496726,81,42,63,0,44,61,0,48,0,39,0,53,63,66,0,41,43,0,94,46,72,99,59,73,69,65,70,339154,2846,"upstream","AC102953.4",0.00159187987093502,1.23695956298731,"gain",0.365198968847624,-0.474404125573458,"not significant",0.00454735421518792
"chr7",37488833,37488945,177,124,82,138,89,127,94,103,92,69,50,125,115,0,123,0,117,87,230,86,130,74,139,116,138,119,172,343718,0,"overlapStart","ELMO1",0.0246815307286795,0.78199642521856,"gain",0.083004140894523,-0.585580489610833,"not significant",0.0265963080269273
"chr7",64126048,64126223,85,0,0,100,85,0,98,0,92,43,63,0,76,61,76,0,64,115,116,71,121,46,96,138,87,105,110,345822,287,"upstream","ZNF107",0.0198559304204339,0.745093475049606,"gain",0.891901680294506,0.359081093304828,"not significant",0.0219342777233013
"chr7",64467047,64467070,127,104,90,115,94,125,111,75,163,82,44,95,93,97,67,89,111,0,213,95,177,110,97,130,93,176,152,345917,0,"overlapStart","ZNF117",0.014178099427467,0.715651684242391,"gain",0.130719763621764,-0.321928094887362,"not significant",0.0158343096923078
"chr7",66766767,66766772,157,60,51,97,105,98,64,105,0,59,0,77,121,72,121,0,0,0,98,0,91,80,112,147,98,95,147,346375,4025,"upstream","Y_RNA",0.0378812823153869,1.09977313467249,"gain",0.0963621056888502,-1.0336677127654,"not significant",0.0323897658947931
"chr7",72843230,72843280,41,27,25,40,0,21,38,23,25,0,20,26,0,0,30,29,21,0,61,44,39,28,39,52,32,0,36,346653,4828,"upstream","FZD9",0.00446598803606596,1.28428576092719,"gain",0.115748127973417,-0.831716205151744,"not significant",0.013685275271696
"chr7",73256385,73257294,88,50,56,55,59,71,82,92,51,73,42,60,90,62,65,59,55,92,126,90,80,71,80,91,71,67,100,346868,0,"overlapStart","WBSCR27",0.0177418633954963,0.409841267633039,"gain",0.858738377668239,-0.0909890971229307,"not significant",0.0300452891729572
"chr7",74070369,74070392,139,77,111,94,106,103,135,120,0,0,0,87,133,87,0,73,0,87,110,67,104,82,142,111,0,115,151,347397,1601,"upstream","GTF2I",0.0461524436883035,1.06935919929291,"gain",0.00606598623166246,-1.24418300014806,"loss",0.00806184037904287
"chr7",75986276,75986333,131,115,93,114,67,112,129,93,36,82,0,95,0,112,145,0,0,0,188,81,126,89,0,114,82,157,209,347911,4751,"upstream","AC005522.6",0.0420757175408642,1.30615328312699,"gain",0.0309991539761033,-1.18350340794285,"loss",0.0149709335381401
"chr7",79081251,79081280,146,91,106,107,88,150,138,73,0,70,59,114,141,105,0,0,0,0,220,90,128,0,118,130,92,74,164,348096,917,"upstream","MAGI2-AS3",0.0381428066474286,1.20699712526498,"gain",0.0220511917366772,-1.20041474544958,"loss",0.0177573448082079
"chr7",87848129,87848145,101,68,56,0,88,100,93,71,75,78,41,76,99,75,81,81,111,111,0,0,80,68,0,86,0,0,87,348367,528,"upstream","AC003991.3",0.0432894096559901,-1.21505437693197,"loss",0.562969617832468,0.19913135396648,"not significant",0.0134269931670575
"chr7",97839849,97839854,55,37,23,29,35,0,30,0,0,19,0,22,0,36,29,27,28,0,42,36,48,25,28,39,36,24,38,348985,884,"upstream","BHLHA15",0.00668095905097929,1.12486696350754,"gain",0.147392100888695,-0.698370348853628,"not significant",0.0262349536358686
"chr7",106684721,106684722,0,128,0,161,99,144,102,68,0,59,71,84,0,120,90,0,118,0,212,66,118,77,172,113,90,96,166,351128,371,"upstream","PRKAR2B",0.0239907444468328,1.18619801332865,"gain",0.189426929527761,-0.695106273838051,"not significant",0.0323002638493869
"chr7",134881574,134881637,18,14,13,19,25,21,15,17,16,0,0,20,15,0,0,14,18,0,24,0,19,10,28,20,15,19,20,353193,1515,"upstream","AC009542.2",0.0339598486543319,1.05308806737236,"gain",0.0478868210800757,-1.09663578304512,"loss",0.0191468285810318
"chr7",140178146,140179528,126,122,111,114,124,121,105,101,117,72,78,72,159,115,94,90,87,107,232,124,146,51,160,128,99,141,193,354005,0,"overlapStart","MKRN1",0.0304133061680621,0.514411408514862,"gain",0.0559645474014931,-0.220935889116932,"not significant",0.0427674595187544
"chr8",28259957,28260299,62,43,44,56,47,53,57,49,68,50,28,60,51,52,50,36,46,67,92,87,50,102,55,98,40,74,85,360168,0,"overlapStart","ZNF395",0.0244924473897125,0.579060174962975,"gain",0.964546418331828,-0.0162379917968794,"not significant",0.00259181324894054
"chr8",33369548,33369556,43,35,0,60,52,51,0,45,50,42,30,59,55,53,48,46,64,68,0,0,46,37,58,45,0,52,0,360594,1436,"upstream","SNORD13",0.0267426143180757,-0.961607765317587,"loss",0.142424880304542,0.526629190404829,"not significant",0.0425164959116044
"chr8",42750886,42750887,0,142,102,124,161,186,153,129,0,85,55,155,182,0,0,0,0,165,230,103,130,114,181,157,126,152,275,361588,1187,"upstream","HOOK3",0.0290395403290796,1.34520985916596,"gain",0.174613758429298,-0.956948302163255,"not significant",0.0101359627775392
"chr8",60030012,60030014,28,36,56,53,52,30,53,35,34,28,0,37,64,41,30,43,49,38,45,0,0,23,37,29,0,0,0,362280,1584,"upstream","RP11-25K19.1",0.0278984839818464,-1.28970235629587,"loss",0.504499771511249,-0.236198220861478,"not significant",0.00329684203742126
"chr8",63160569,63160578,41,37,67,90,54,32,74,37,46,15,33,48,53,44,0,58,62,48,0,0,0,29,47,0,27,30,0,362493,571,"upstream","NKAIN3",0.010109042718946,-1.46159945532001,"loss",0.449633946553667,-0.407930612784584,"not significant",0.00126781201241356
"chr8",85094689,85094690,47,0,31,57,40,44,36,19,36,0,38,23,42,26,34,36,40,52,44,0,24,0,36,0,17,19,0,363761,331,"upstream","RALYL",0.0431957711793723,-1.07186071510807,"loss",0.688361849714698,-0.0668133523498063,"not significant",0.0407802079357654
"chr8",143528555,143528572,25,22,0,19,74,28,30,0,0,0,34,0,35,0,13,16,27,38,60,26,38,24,48,41,23,44,36,368107,2218,"upstream","BAI1",0.010976686664646,1.21266587535167,"gain",0.618653232430755,-0.602556560735894,"not significant",0.041470215756006
"chr8",143749252,143749311,114,15,0,56,45,0,16,60,53,0,47,0,92,0,51,56,76,0,115,56,83,70,97,81,59,49,127,368270,2414,"upstream","PSCA",0.010976686664646,1.12677711715688,"gain",0.92784992410343,-0.028569152196771,"not significant",0.0139636164013472
"chr8",145638711,145638732,23,0,70,31,27,32,20,26,0,0,0,18,30,23,0,19,28,0,38,27,26,23,19,48,25,23,38,369375,3957,"upstream","CPSF1",0.0132154629828408,1.33005597577076,"gain",0.0416118002383576,-1.27848883362246,"loss",0.0192633225806122
"chr9",469321,469331,118,71,63,104,69,66,69,69,63,0,41,0,105,59,0,0,73,0,111,66,60,0,53,74,72,84,133,369822,959,"upstream","KANK1",0.0465486374630464,1.08931434596731,"gain",0.0192553195675678,-1.20521637274248,"loss",0.0191074523009247
"chr9",33816333,33816342,148,111,0,119,115,0,167,139,105,55,0,0,128,124,0,107,136,0,143,113,128,111,93,155,108,140,193,371672,1222,"upstream","UBE2R2",0.0173433309095401,1.00610536264919,"gain",0.189426929527761,-0.608628691390526,"not significant",0.0431772004854935
"chr9",34328778,34328779,0,44,53,66,73,76,0,82,0,62,0,61,98,89,0,51,0,76,157,55,79,101,97,43,76,78,138,371762,724,"upstream","NUDT2",0.0329076794683267,1.06701415112767,"gain",0.856288612932694,-0.17249044484314,"not significant",0.0206331638459839
"chr9",37036725,37036733,26,37,38,44,25,22,27,0,16,0,0,31,0,16,25,16,0,0,37,17,42,12,17,26,37,27,36,372800,2621,"upstream","PAX5",0.00565749225238764,1.42310692925473,"gain",0.0161838266304623,-1.39627543634744,"loss",0.0055845161023954
"chr9",125133333,125133344,19,32,0,26,15,37,31,14,15,0,0,11,0,0,24,22,26,0,31,36,38,15,17,38,14,19,18,379775,1539,"upstream","RP11-498E2.9",0.0209671950316621,1.35747221174503,"gain",0.0570958691840617,-1.15016174662088,"not significant",0.0162430600655333
