"V1","V2","V3","V4","V5","V6","V7","V8","V9","V10","V11","V12","V13","V14","V15","V16","V17","V18","V19","V20","V21","V22","V23","V24","V25","V26","V27","V28","V29","V30","V31","distance.to.TSS","region","gene.name","pval","log2FC","adj.pval","status","status2","TSS","anova.pval"
"chr1",12565887,12566028,23.33333333,24.5,21.5,16.33333333,22.5,25.66666667,20.25,22.66666667,0,18.66666667,17,17,18,25,20,13.5,15.2,16.75,20,21.33333333,22,26,21.66666667,19,20.33333333,22.25,17,2614,1271,"upstream","SNORA59A",0.0111900095460442,2.30834577227195,0.977390964000288,"gain","significant",">300",0.0181371531737759
"chr1",20878930,20878962,28,26,17,17,17.4,19.25,26,17.4,16,23.25,17.25,14.5,14,0,23.5,0,0,15,23.25,24,17.33333333,17.8,17,25,17.8,21.75,15.5,3718,0,"overlapStart","FAM43B",0.0218923417892846,2.92353658035904,0.977390964000288,"gain","significant","<5",0.0159775255171595
"chr1",23751612,23751628,32.66666667,33,39.75,20.5,27.25,27.25,30,21.75,0,32.5,0,18.25,20.33333333,29,21.8,32,22.4,24.2,25.6,27.42857143,28.6,38.25,34,43.25,25.5,46.5,37.5,4250,378,"upstream","TCEA3",0.00793604951170565,3.80956960659299,0.977390964000288,"gain","significant",">300",0.00855848340067428
"chr1",24882190,24882359,47,33.16666667,30.5,31,18.25,31.5,29.5,31.25,41,18.5,23.5,17.75,0,33.75,24.25,17.66666667,18.33333333,22,22.5,30.75,27.75,26.25,26.71428571,34,43.33333333,31.75,27,4414,242,"upstream","NCMAP",0.02201822944857,3.0583668945507,0.977390964000288,"gain","significant","100-300",0.0442498932519538
"chr1",46638957,46638996,29.33333333,16.2,28.33333333,23.25,15.5,22.25,22.25,22,13,20,19,20.5,17.33333333,0,25.66666667,0,18,17.25,27.66666667,15.25,20.75,20.6,25.33333333,22.75,18,23.8,20,8508,1748,"upstream","TSPAN1",0.0370864361148335,2.69982305002275,0.977390964000288,"gain","significant",">300",0.0360131294656595
"chr1",47690705,47690789,21.33333333,26.5,0,20.33333333,27,0,17.5,21,22.66666667,14,20,20,19,22.5,28,15.66666667,0,22,29,38,19.33333333,28.5,19.5,19,43,27.66666667,26.5,8652,679,"upstream","RP1-18D14.7",0.0498425217836308,3.24031432923193,0.977390964000288,"gain","significant",">300",0.0303605007844163
"chr1",50513679,50513750,28,24,23,18.33333333,30.5,23.5,0,30.75,0,28.66666667,22.25,15,18.66666667,0,23.66666667,26.5,15.66666667,22.66666667,30.66666667,31.66666667,21,29.33333333,51,28.75,21.66666667,48.75,42.66666667,8766,0,"overlapStart","ELAVL4",0.00483013134098236,4.05624632060053,0.977390964000288,"gain","significant","<5",0.00616721719712341
"chr1",75139103,75139479,36,31.33333333,26,27.5,32.5,21.25,21.33333333,20.75,30.5,33,34.25,17.66666667,22,24,27.25,38.33333333,18.66666667,24.33333333,46.25,40.5,20.33333333,43.66666667,28,42.33333333,29.25,50.5,27.66666667,9801,0,"overlapStart","C1orf173",0.0434735543094676,3.24792751344359,0.977390964000288,"gain","significant","<5",0.0264058391034281
"chr1",78442673,78443006,0,34.8,0,50,17,31.16666667,19,21,13,13,15,37.33333333,41.33333333,14,17,14.5,22.33333333,21,22,60.5,26,30.25,48.33333333,55,23,27,35,9923,1852,"upstream","DNAJB4",0.010079411133163,3.95350668565184,0.977390964000288,"gain","significant",">300",0.0450034515371431
"chr1",102462452,102462586,25.5,17.5,20.5,17,16,14.75,0,16.33333333,23.5,18,20,18,13,10,24,19,15,15,26.25,22.5,26,28,31.33333333,27.66666667,17,22,23,10557,0,"inside","OLFM3",0.00790865853202392,2.87009067740557,0.977390964000288,"gain","significant","<5",0.00423629926539001
"chr1",113261281,113261306,50,36.66666667,26.5,44.28571429,26.75,35,31.14285714,37,0,0,27.66666667,27.5,24,18,46.5,28.33333333,31.5,0,27,40.75,32,34,55,25.66666667,36.33333333,36.25,35.33333333,11279,1734,"upstream","FAM19A3",0.0197476384986877,3.95091765266745,0.977390964000288,"gain","significant",">300",0.0106797119155645
"chr1",119869683,119869750,40,41.66666667,0,38.25,30.33333333,41.33333333,40,25.25,23,35,0,32,15,0,29,37,35.75,36.5,34.5,56,35.75,42,34.33333333,31.66666667,43.33333333,38,46,11596,1048,"upstream","RP5-834N19.1",0.0177919405631742,3.98649521217258,0.977390964000288,"gain","significant",">300",0.0376093781170013
"chr1",151042352,151042541,50.6,64.5,68.33333333,41.6,51.25,55.75,46,44.4,75.25,53,50.4,40.8,44.8,62.25,62.25,62.33333333,54.8,51,0,53.16666667,0,0,47,46,50.75,40,49.6,12114,512,"upstream","GABPB2",0.0125675626418426,-4.57610778111721,0.977390964000288,"loss","significant",">300",0.0078378790036067
"chr1",166945284,166945358,30.66666667,39.66666667,50.66666667,33.71428571,32.25,28,37,46,32,36.6,29.14285714,30.5,34.33333333,0,34.83333333,33,26.75,31.66666667,51.66666667,51.8,46.5,36,36.2,37.66666667,41.6,35,28.66666667,13870,564,"upstream","ILDR2",0.00413518370174717,3.5464682381842,0.977390964000288,"gain","significant",">300",0.025584453881882
"chr1",207627527,207627555,45,59.75,30.5,63.25,35.75,53.66666667,48,26,0,30.33333333,36,22.5,33.33333333,39.5,39.5,52,42,0,40.66666667,55.66666667,43.5,41,64.66666667,35.66666667,60.25,42.75,40.33333333,16740,19,"upstream","CR2",0.0100465406331533,4.14159627852913,0.977390964000288,"gain","significant","5-25",0.0233332189780726
"chr1",212642805,212642898,29.18181818,26.44444444,17.25,21.375,28.33333333,32,23.75,22.71428571,20.15384615,23,24.8,0,0,0,19.5,24.33333333,23.30769231,21.57142857,22.28571429,28.82608696,21.75,31.5,30.33333333,19.5,24,27.875,26,17230,1719,"upstream","RP11-61J19.2",0.021950660733107,3.33898633210016,0.977390964000288,"gain","significant",">300",0.0123457583103737
"chr1",232940561,232940714,77.4,108.6666667,74.33333333,69.75,116,54.5,40,62.25,66.5,0,58.33333333,54.33333333,57.25,74.25,77,0,70.75,64.8,66,92.5,67.25,119.6666667,65,77.75,68.8,89.5,101,19076,0,"overlapStart","MAP10",0.01272380812852,4.94158455596885,0.977390964000288,"gain","significant","<5",0.0332278082120527
"chr1",241587102,241587126,64,26.33333333,28,36.5,37.25,40,0,42.5,23,62.25,41.75,28,32.5,34.5,0,38.66666667,0,28,62.25,52.25,43.25,51.75,61.25,80,44.33333333,71,50,19490,465,"upstream","RP11-527D7.1",0.00189138655197665,4.83167084835747,0.977390964000288,"gain","significant",">300",0.00273306343304884
"chr1",248020462,248020501,27.33333333,26,0,27,17.5,21,17.5,14.5,0,32.5,21.5,17,17.5,25.33333333,24.33333333,13,0,26,17,34,20,27.5,29.66666667,40,28,41,24.66666667,19821,0,"overlapStart","TRIM58",0.0273506102022815,3.50791207109158,0.977390964000288,"gain","significant","<5",0.0325245819447816
"chr2",60962788,60962943,20.5,30.5,30,27,24,48,27,23.66666667,0,27.5,16.5,23.5,13,21,38.5,26,16,14.5,30,40.5,39,28,48,21,34,21.33333333,40,23525,0,"overlapStart","ATP1B3P1",0.007025749907543,3.79566691101742,0.977390964000288,"gain","significant","<5",0.0118971256756472
"chr2",73383815,73383883,25.5,26.5,16.5,28,21.33333333,18.5,20.5,28,23,21,27,17.5,13.5,23,12,22.66666667,18.5,20,26.5,37.5,25,20.33333333,22.5,29.66666667,31.5,29.33333333,24.33333333,24316,0,"overlapStart","RAB11FIP5",0.00793604951170565,2.92424067737981,0.977390964000288,"gain","significant","<5",0.0077156289260524
"chr2",89064502,89064536,27,0,20.5,32,0,0,19.33333333,26.33333333,22.25,19.33333333,21,26,23.33333333,19.5,16.75,17,21,19.33333333,22,29,30.66666667,31.25,23.33333333,34.66666667,24.33333333,38,17,25148,787,"upstream","ANKRD36BP2",0.0126065410653004,2.8590860854156,0.977390964000288,"gain","significant",">300",0.0218783210959432
"chr2",98703020,98703045,42.33333333,40.33333333,19,32.5,26,18.66666667,32.33333333,19,14.33333333,21.33333333,19,26,0,20.66666667,19,0,19,22.5,32.33333333,43.5,24.5,30.5,28.33333333,28.75,22,29.33333333,0,25659,533,"upstream","VWA3B",0.00774533737687188,3.37851162314584,0.977390964000288,"gain","significant",">300",0.0291818391473419
"chr2",99553606,99553703,25,34.5,24.66666667,24.2,22,24.75,19.5,23.25,20.5,0,26,21.6,24.75,22.25,31.25,27.25,22.5,26,34,30.25,31,30.75,27,38.42857143,24.25,31.8,28.25,25747,883,"upstream","KIAA1211L",0.00621033872424389,3.07493488191295,0.977390964000288,"gain","significant",">300",0.0200740386457882
"chr2",102867494,102867529,37.5,26.5,18,29,17.5,21,32,40,20,29,23.5,0,21.33333333,25,29,0,27.5,30.25,32,46,32,33,30.75,24.5,34.33333333,33.5,26,26079,778,"upstream","AC007248.6",0.0037033392336656,3.57232828662727,0.977390964000288,"gain","significant",">300",0.0280285424914375
"chr2",130680300,130680331,33.75,27.66666667,24.75,32.28571429,23.25,28,36,27,0,32.75,0,21.66666667,22.66666667,30.42857143,0,24.66666667,23.4,23.75,34.75,29.5,31.375,22,29.25,32.25,35.33333333,41.75,35.5,27219,418,"upstream","AC079776.3",0.00785402284044387,3.85590798471942,0.977390964000288,"gain","significant",">300",0.00388108477093771
"chr2",131512943,131512987,33.33333333,33,21.75,33.75,21.75,0,19.66666667,26.25,27.25,0,22.5,18,0,25.5,29.75,34,11,21,32.75,26.66666667,21.66666667,34.33333333,39,34,28.25,37,26.5,27276,20,"upstream","AMER3",0.0142206361526606,3.61230880790612,0.977390964000288,"gain","significant","5-25",0.0430518895008662
"chr2",133014768,133014818,21,20.5,16.5,27.66666667,25.75,17.5,18.5,14,0,32,20,0,18.75,17.66666667,21.5,23,0,22.75,26.66666667,24.5,24.66666667,38.5,25,23.25,24,28.5,22.75,27403,114,"upstream","MIR663B",0.00418294080760979,3.44085379113711,0.977390964000288,"gain","significant","100-300",0.0227430407770182
"chr2",165812004,165812040,27.66666667,47,29.5,24.33333333,36,38.5,45.5,0,24.5,29.5,24.33333333,0,19.5,0,44.5,23,41.5,34.5,51.5,39.5,37,42,50.33333333,50,53,34,23,28253,0,"overlapStart","SLC38A11",0.0142206361526606,4.17998278902561,0.977390964000288,"gain","significant","<5",0.025728605244783
"chr2",173601187,173601203,36.66666667,28.33333333,0,33.75,27.33333333,20.66666667,17.5,20.75,27.33333333,23.66666667,28,0,24.25,22.33333333,19.66666667,41.66666667,20.25,19.25,27,25,28.66666667,55.66666667,37.75,32.5,48.66666667,32.5,29.66666667,28475,252,"upstream","RAPGEF4-AS1",0.00621033872424389,3.65842308379871,0.977390964000288,"gain","significant","100-300",0.0304543725463778
"chr2",208635434,208635488,40,44.2,28.75,32,31.16666667,36.25,28.8,34.75,0,25.8,24.71428571,25.83333333,25.5,39.6,28.57142857,29.5,34.5,22,28.5,37.6,34.66666667,25.66666667,30.8,35.33333333,41.4,32.4,36.33333333,29510,1146,"upstream","FZD5",0.0279287276191301,3.00565662671054,0.977390964000288,"gain","significant",">300",0.0325566611118655
"chr2",228736053,228736072,41.33333333,48.5,24,38.75,32.66666667,40,25.33333333,21,24.33333333,40.75,0,34,32,27.25,0,0,32,24,36,32.5,41.33333333,43.33333333,34.25,37.75,31.75,45.25,25,30352,692,"upstream","TDGF1P2",0.0125675626418426,3.89903237091656,0.977390964000288,"gain","significant",">300",0.0201072444866338
"chr2",232316441,232316469,27,44,34,20.5,56,32,44,27.5,28,18.5,41,35.66666667,16.5,45,26,41,28,20,25.5,25,0,0,22.25,20.5,27,0,18,30561,436,"upstream","AC017104.2",0.0243666768932465,-3.8684453303213,0.977390964000288,"loss","significant",">300",0.00275843811929791
"chr3",24563813,24563845,39.6,33,0,30.4,35.25,36.2,24.66666667,28.5,31.25,33.75,41,20.75,24.25,41.25,55.5,53,34.25,35.5,43.33333333,46.5,42.33333333,67.33333333,49,60.25,40.75,77.5,31.5,33998,886,"upstream","MIR4792",0.0349866851414839,3.79643624573593,0.977390964000288,"gain","significant",">300",0.00450460362982223
"chr3",32726378,32726398,44.5,54.5,41,51.75,39.66666667,50.25,26.25,34,46.66666667,50.5,51.66666667,32.25,26,52.25,46,42,0,42.66666667,78,65.75,45,44.5,45.5,45,66.75,57.33333333,55.5,34112,238,"upstream","CNOT10",0.045360653862514,4.0811628527778,0.977390964000288,"gain","significant","100-300",0.0269498895987174
"chr3",38010789,38010805,16.33333333,14.66666667,17.66666667,17.5,0,0,15,20.4,15,15.5,18.33333333,20,15,18.33333333,0,17.33333333,17.6,16.25,21.33333333,17,21.2,23,21.33333333,18.2,24,17.2,25,34268,89,"upstream","MIR26A1",0.0100137224679881,2.48117453959187,0.977390964000288,"gain","significant","50-100",0.0211603080461505
"chr3",39850187,39850251,50,53,36,36.8,37.75,38.75,52.33333333,33.75,0,29.66666667,27,27.75,31,34.25,33,39.66666667,35.75,31.5,32.5,47,31.25,49.33333333,32.5,48,43.25,45,35.5,34440,153,"upstream","MYRIP",0.0159646782654223,3.52646301268773,0.977390964000288,"gain","significant","100-300",0.00765287992165451
"chr3",44036394,44036419,26.85714286,28.33333333,22.75,28,0,19.8,0,23.57142857,0,23.5,22.75,17.5,29,22.71428571,25.8,26.66666667,22.33333333,23.83333333,29.16666667,22.4,29.5,31.71428571,26.8,31.5,26.5,35.6,30,34780,1968,"upstream","RP4-555D20.3",0.00298772434995345,2.9694850467709,0.977390964000288,"gain","significant",">300",0.0389924250703324
"chr3",45268324,45268341,32.4,31.33333333,25.66666667,33.25,24,31,22.75,23.4,23.25,31.25,24.66666667,23.5,0,27.75,23.28571429,17.5,27,25,31.25,26.4,30.5,25.75,32,35.66666667,26.5,30.8,26.25,34860,553,"upstream","TMEM158",0.0142632291799166,2.83535199727961,0.977390964000288,"gain","significant",">300",0.042596768001845
"chr3",48472121,48472151,32.45454545,32.22222222,28,38.33333333,27.33333333,37.83333333,40.66666667,32.5,31,33,35.6,38.4,30,31.28571429,35.33333333,36.16666667,36.57142857,21.83333333,26.42857143,30.06666667,27.375,22.5,23.5,32.83333333,37.83333333,24.75,0,35257,526,"upstream","PLXNB1",0.0434735543094676,-2.97950761306406,0.977390964000288,"loss","significant",">300",0.0347838600871596
"chr3",48600799,48600935,20.16666667,21.46153846,19.5,25,18,23.30769231,24.5,27.25,28.33333333,21,16.42857143,18.75,16.33333333,21.2,29.75,0,0,17,19.83333333,27.88888889,25,20.75,22.07142857,28.88888889,23.33333333,26.7,29.72727273,35310,1350,"upstream","PFKFB4",0.045360653862514,3.0055483311472,0.977390964000288,"gain","significant",">300",0.0436701818181234
"chr3",51740788,51740887,22.5,21.33333333,18.5,25.5,16,16.5,18,20.25,13.5,0,19,19,21.66666667,0,22.5,19,16.66666667,14,20.75,26.5,18,24,22,18.75,25.33333333,23.33333333,19,35888,198,"upstream","GRM2",0.0216016183999015,2.89329029328806,0.977390964000288,"gain","significant","100-300",0.0223880554945102
"chr3",51974511,51974571,70.6,57.8,47.5,56.2,47,49,55.4,40.4,51,49.8,40.8,49.6,32.6,40.2,58.2,51,59.2,40.8,0,43,49.2,35.6,38.2,0,49.75,36.2,0,35893,1789,"upstream","PARP3",0.0196395783622119,-4.27243798307238,0.977390964000288,"loss","significant",">300",0.0034232823871862
"chr3",71802260,71802384,32.25,30,26.66666667,38.66666667,22.5,27.33333333,23.66666667,21.5,20.25,31.5,26,28,0,0,30,34.25,25.4,21.2,41.5,32,27.25,41.33333333,29.6,42.25,30.33333333,40.4,25.4,37059,816,"upstream","GPR27",0.0177919405631742,3.67715323033599,0.977390964000288,"gain","significant",">300",0.0177371991165806
"chr3",111804880,111804931,39,61.5,25.33333333,34,20,20.33333333,41,22.75,22.25,0,29.5,24,22,0,24,0,26,27,27.66666667,61,56,32,29,24.33333333,39,31.75,17.66666667,37671,250,"upstream","C3orf52",0.00782677818935447,4.16226077068131,0.977390964000288,"gain","significant","100-300",0.0166020625148506
"chr3",148415523,148415570,35,22.5,27,25.75,0,30,25,30,0,21,26.33333333,22.5,25.66666667,24.33333333,33.5,21.66666667,24,27.66666667,44,60.5,47,38.5,34,40,20.33333333,41.33333333,30.33333333,39719,1531,"upstream","RPL38P1",0.00298772434995345,4.07800251187788,0.977390964000288,"gain","significant",">300",0.00273228400970419
"chr3",148508352,148508603,24.6,25.5,21,28,18.66666667,22.66666667,24.25,24.33333333,21.5,23.33333333,18,21.4,21,23,32.66666667,19,37.33333333,20.66666667,0,25,25.66666667,0,20,17,16.33333333,0,17.5,39725,285,"upstream","CPB1",0.030195077771679,-3.36317107711924,0.977390964000288,"loss","significant","100-300",0.009196127181099
"chr3",150802929,150803038,42.5,37,51.33333333,43.25,28,40.4,35.2,33.25,39.75,54.25,34.2,0,32.75,34.4,44,40.75,35.33333333,45,54,53,31.25,49.75,57.33333333,62.25,42,59.25,41.33333333,39801,445,"upstream","MED12L",0.0279287276191301,3.80479549519307,0.977390964000288,"gain","significant",">300",0.0307544161693781
"chr3",179323665,179323711,72.33333333,64.75,14,40,22,60,58.75,20,0,11,0,33.4,29.25,0,70.5,42.75,15,30.66666667,48.75,60.75,54.75,40.2,30,22,38.75,56.33333333,56,40535,1222,"upstream","MRPL47",0.030195077771679,4.46105798382253,0.977390964000288,"gain","significant",">300",0.0442274827044234
"chr3",182833841,182834124,33,37,23.33333333,29.75,23.4,20,18,20.2,20,26,22,18,17,23,19.8,31.75,14,0,30,31.66666667,34.66666667,27.6,22.6,25.25,20.2,23.75,28.75,40699,0,"overlapStart","MCCC1",0.013271558163199,3.00176888835583,0.977390964000288,"gain","significant","<5",0.0416494341904679
"chr3",184872139,184872172,43.5,34.75,33.5,33.5,0,38.25,34.75,38.75,33.33333333,40.5,34.6,28.2,25.75,44,57,48,0,32.75,50.75,47.25,40.75,48.25,51.66666667,57.5,39,51.75,41.25,40969,1336,"upstream","C3orf70",0.0172118902769058,3.71816878714695,0.977390964000288,"gain","significant",">300",0.0317133174945406
"chr3",186490136,186490169,45.33333333,52.5,60.5,63.75,41.75,36.25,86,28.5,0,44,48.66666667,38,32.75,23.66666667,31.25,29.33333333,0,43.5,59.75,63.75,39.66666667,47,36,48.5,45.25,41.75,28.33333333,41104,208,"upstream","RP11-573D15.6",0.045360653862514,4.03904088483499,0.977390964000288,"gain","significant","100-300",0.0139971618261688
"chr4",37245372,37245474,29.33333333,36.5,25.5,18.66666667,25.66666667,19,27,33,27.25,17,18.33333333,0,19.5,23,0,19.5,0,21.66666667,26.75,32.5,22.66666667,30.5,16.5,28.25,26,27.25,18,44012,1758,"upstream","MIR4801",0.027079827449526,3.42688593669502,0.977390964000288,"gain","significant",">300",0.00482967463920443
"chr4",48492045,48492063,24.5,35,27.33333333,30,12.33333333,25.5,28.5,23,0,27,21,18.25,0,22,21.5,24,0,21.75,29,40.5,29,18.5,21.25,24.66666667,25.25,30.5,29,44479,205,"upstream","ZAR1",0.00985041829084753,3.58117267927175,0.977390964000288,"gain","significant","100-300",0.0100304564032422
"chr4",52917410,52917463,37.5,25.5,31,15,27,36,22.5,24,0,0,18,0,16,20.33333333,31.66666667,21,20.5,12,22,28.5,25.66666667,20.75,23.66666667,27.5,17.33333333,18.5,27,44517,33,"upstream","SPATA18",0.0244924473897125,3.24567594060297,0.977390964000288,"gain","significant","25-50",0.00503528336929775
"chr4",55523583,55523633,45.75,54,29.5,38.25,26.5,33.5,31.2,32.75,26.75,30.75,28.5,26.33333333,0,28,42.25,31,0,0,33.5,32.6,31.33333333,34.6,36,21.75,30.2,41,31.25,44596,451,"upstream","KIT",0.0244924473897125,3.47405140790526,0.977390964000288,"gain","significant",">300",0.0204764100158816
"chr4",73435278,73435317,29,40.5,34,31.33333333,31.66666667,34,25.75,28.75,23.33333333,34.33333333,33,19,29.33333333,29,24.2,36.5,0,26,42.33333333,31,33.5,36,29.25,64,40.33333333,34.75,24.66666667,44788,761,"upstream","ADAMTS3",0.02201822944857,3.56618373821617,0.977390964000288,"gain","significant",">300",0.0391278305355184
"chr4",74734818,74734933,33.5,39,19,24.66666667,23,36.5,22,18.5,19,20.5,42.5,15,23,21.5,23.5,22,0,28,49,31.5,36.5,32.5,38.5,18.5,22.66666667,51.33333333,34.5,44798,176,"upstream","CXCL1",0.02201822944857,3.75488750216347,0.977390964000288,"gain","significant","100-300",0.0240337983553875
"chr4",78977615,78977653,33.33333333,25.25,24.5,26.25,29.75,22.2,27.8,27,0,40.2,0,0,19.5,26,33.2,22.71428571,24.75,26.6,32.83333333,34,28.6,27.85714286,34,34,26.8,32.25,25,44941,1070,"upstream","FRAS1",0.0242411355853887,3.49786239478493,0.977390964000288,"gain","significant",">300",0.040052267460633
"chr4",82135859,82136258,31.66666667,22.33333333,16.33333333,24,13.33333333,28.75,17.66666667,25.5,14.66666667,23.75,30,20,16.66666667,17.5,19.75,17,26.25,17,29.25,21,24,26,29,38,32,34.75,20.5,44997,0,"overlapStart","PRKG2",0.00793604951170565,3.00350229578637,0.977390964000288,"gain","significant","<5",0.0166484784799559
"chr4",87855391,87855424,76.5,52.75,44.66666667,64.4,35.5,41.25,78.66666667,71.33333333,66.66666667,65.33333333,46.25,45.6,44,80.33333333,43.5,59.33333333,91,34,46.25,41.2,36.75,36.66666667,49,50.66666667,38,0,41.33333333,45290,729,"upstream","AFF1",0.0411379115534542,-4.3102458553484,0.977390964000288,"loss","significant",">300",0.0257909791111151
"chr4",107236675,107236713,60.25,68.33333333,49,70.66666667,40,56.33333333,67.33333333,61,38.66666667,64,59,30.4,41.4,55.75,0,54.5,54,52.33333333,64,70.33333333,78,64.66666667,76.66666667,71.5,45.5,46.5,63,45750,0,"overlapStart","AIMP1",0.0113333064236319,4.28228877846358,0.977390964000288,"gain","significant","<5",0.0207137123159704
"chr4",119809875,119809893,32,41,41,0,39,31.25,32,29.5,27.5,51.5,43.33333333,24.33333333,39,0,43.66666667,32.33333333,24.5,39,56,85,34.33333333,75,95,81,34,28,40,45968,102,"upstream","SYNPO2",0.0372530402810426,4.71078092840685,0.977390964000288,"gain","significant","100-300",0.00648970384833528
"chr4",185655684,185655718,39,67.5,29.33333333,41.5,34.66666667,46,46,29.66666667,35.25,32.33333333,0,29.33333333,26.33333333,29.75,45.66666667,36,28.66666667,0,47.66666667,46.66666667,56,36.66666667,52.5,29.66666667,40.5,34.33333333,42.66666667,47307,396,"upstream","CENPU",0.00621033872424389,4.05568413273512,0.977390964000288,"gain","significant",">300",0.0119669513773164
"chr5",1380568,1380733,23.33333333,32,0,31,24.5,31.33333333,19.33333333,23.33333333,0,0,18.5,18,20,19.5,17.5,26.25,17,21,45.5,31.5,42,26.5,23.66666667,33,31,26.5,16.66666667,47647,385,"upstream","RP11-325I22.2",0.00371844732874655,3.90001699308839,0.977390964000288,"gain","significant",">300",0.00720495325751937
"chr5",45696240,45696260,35.75,26,21.33333333,27.25,25,21.33333333,23.25,0,26.5,24.75,22.75,18.33333333,17.5,22.66666667,19.75,25.5,20.66666667,29.5,39.25,40.5,20.33333333,35.66666667,24,29,26.33333333,44,23.25,48823,0,"overlapStart","HCN1",0.0279287276191301,3.10075966374545,0.977390964000288,"gain","significant","<5",0.0379169392265973
"chr5",52856225,52856245,91,76.66666667,50.66666667,82.33333333,73.33333333,73.66666667,96.66666667,78.66666667,0,0,68.66666667,46.33333333,0,56.5,91,57.5,66,72.66666667,81.66666667,75.66666667,63.66666667,68.66666667,120,101.3333333,79,77.33333333,50,48873,217,"upstream","NDUFS4",0.021950660733107,5.08053133818726,0.977390964000288,"gain","significant","100-300",0.0107419331232409
"chr5",67483823,67483900,62.66666667,41.25,24.5,27.5,28.25,49,65.66666667,63,27,0,21.33333333,33,23.5,33,49.33333333,45.33333333,32.6,0,40.33333333,32,50,35.66666667,44.33333333,64.66666667,71.66666667,45.33333333,26,49370,1803,"upstream","RP11-404L6.2",0.0335290873500535,4.25138246664253,0.977390964000288,"gain","significant",">300",0.025670285611931
"chr5",80255680,80255723,31,76.33333333,33.75,56.33333333,52,30.25,60.66666667,28.5,32.5,47.33333333,34.5,28,39,53.25,37,33,0,25.5,40.75,80.25,49,35.25,41.5,55,43.25,57.66666667,54.66666667,50072,767,"upstream","RASGRF2",0.00413518370174717,4.15433056645589,0.977390964000288,"gain","significant",">300",0.0444693569831489
"chr5",101632277,101632380,19.33333333,34,31.33333333,36.66666667,27,28.33333333,29.66666667,23.25,20.75,0,23.5,20.5,23,26,22.5,15.5,14,27.75,38.33333333,38,33,30.33333333,27.33333333,35,30,33.5,23.66666667,50469,23,"upstream","SLCO4C1",0.000151551235142566,3.67577412050654,0.977390964000288,"gain","significant","5-25",0.000623892323364283
"chr5",137790655,137790694,19.5,17,24.5,16,0,22.66666667,17.5,19,20.5,21.66666667,18.75,21,27,20.5,18.75,16.2,0,16.25,20.25,18.2,20.25,25.75,28.25,28,29.5,35.63636364,23,52025,233,"upstream","RP11-461O14.3",0.0370864361148335,2.88060637753882,0.977390964000288,"gain","significant","100-300",0.0288579692374508
"chr5",140026537,140026588,45.5,57.6,35,44,47.33333333,39,33,36.6,43.33333333,61,36.75,34.75,34,42.25,67,51,40.6,66,0,43.75,24,31.66666667,28.6,61,0,23.75,42.25,52605,54,"upstream","IK",0.0302677664471433,-4.2730046753697,0.977390964000288,"loss","significant","50-100",0.0241049953798685
"chr5",160976023,160976056,24,29,0,26.83333,23,22.75,23.4,26,24,30.6,31.2,22,29.25,24.66667,27.66667,22.66667,21.6,31.5,26.83333,31,27.16667,32.8,31.16667,32.16667,32.6,34.42857,26.4,53944,0,"overlapStart","GABRB2",0.0349866851414839,1.99706758946553,0.977390964000288,"gain","significant","<5",0.0177713086000876
"chr5",172720821,172720861,45,33.66667,31.33333,30.66667,28.33333,27,30.25,35,0,41.5,0,21.33333,23.33333,0,22,24.33333,29,25,23.5,34.5,32.33333,29,24.66667,27.66667,30.66667,23.33333,31,54458,1198,"upstream","RNA5SP200",0.0368368999579502,3.3028337210459,0.977390964000288,"gain","significant",">300",0.0120130722521233
"chr5",174872207,174872233,34.5,38,22,25.75,23.75,22.75,22,30.5,0,21.66667,18.33333,22,21.25,28.66667,20.6,24,24.66667,21.5,27.8,37.5,27.33333,23.25,31.75,28.5,26.25,29.75,24.75,54705,995,"upstream","DRD1",0.00145056182207885,3.04862998175801,0.977390964000288,"gain","significant",">300",0.0163584782894613
"chr5",178772816,178772839,37.25,23.66667,27.66667,25.25,25.25,32.5,27.66667,28.5,24,0,27.25,22.66667,20.75,27.4,21,23,23.5,27,28,39,30.5,36.66667,26.75,25,22.33333,30.5,22.5,55132,384,"upstream","ADAMTS2",0.045360653862514,2.88188204033003,0.977390964000288,"gain","significant",">300",0.0343940768821367
"chr5",180018842,180018859,28.33333,23,17,21.66667,18,20.5,19,0,17,15,17,21,24,26.5,27.66667,20,18,13.5,26.75,23,23.5,25,30,24.33333,24.5,27,23.66667,55423,301,"upstream","SCGB3A1",0.0246815307286795,2.41653943436946,0.977390964000288,"gain","significant",">300",0.0374322910274537
"chr6",17393402,17393432,35.25,40,27,31.75,24,31,24.25,0,28,41,27,29.75,24.66667,0,27.66667,41.33333,27.25,31.5,46.33333,39,35,37.33333,42,45,33.25,36.33333,33.33333,56854,14,"upstream","CAP2",0.00567234622962177,3.43345383150226,0.977390964000288,"gain","significant","5-25",0.0334559439381545
"chr6",33244151,33244221,53.75,50.6,34,30.66667,40,42.2,53,35,47.25,32.5,42.75,40.75,0,0,0,41,57.5,35.5,43,63.5,48.5,36.25,36.5,43.25,46.75,50,72.25,58132,695,"upstream","B3GALT4",0.030195077771679,4.26031844883277,0.977390964000288,"gain","significant",">300",0.0403713298686565
"chr6",33561026,33561230,31,23,35.5,22.75,25.75,17.5,15,25.75,17.66667,26,15,0,20,18,26,17.66667,20.66667,18.75,31.33333,19,28.33333,39.5,29.33333,32.5,22.33333,31,22.66667,58229,0,"overlapStart","LINC00336",0.00285596404432886,3.38811269242241,0.977390964000288,"gain","significant","<5",0.00863260012484165
"chr6",44040530,44040588,40.8,26.83333,31.75,30.75,29.57143,26.4,35.5,23.8,23.16667,28.625,23.75,0,22.85714,34.83333,27.66667,22.85714,0,26.42857,29.6,34.4,26.5,29.4,35.75,27.83333,30.33333,30.16667,25.5,59732,1061,"upstream","RP5-1120P11.3",0.0126846638729703,3.15771318237579,0.977390964000288,"gain","significant",">300",0.025734776196315
"chr6",87646797,87646824,33.25,23.5,23,26.25,21,20.5,17.5,29.25,0,0,24.33333,13.5,20.5,17,29.75,40,0,15,32,41.5,23.25,22.75,28,22.66667,26,23.5,23.25,60476,199,"upstream","HTR1E",0.0449825090795272,3.45712252345995,0.977390964000288,"gain","significant","100-300",0.0456013280719369
"chr6",100912651,100912972,25,31,0,16,17,13,16,20,10,24,15,17,0,27,17,11,19,26,26,32,30,18,15.5,37,36,21,21,60815,0,"overlapStart","SIM1",0.0272828306847187,3.27467581226919,0.977390964000288,"gain","significant","<5",0.0372373986872814
"chr6",126661235,126661323,36,67,19,32.5,22.66667,45,29.5,26,23.5,29.5,34,19.5,0,22,33,19.5,0,35,42,36,32,44,37,44.5,23,22,43,61684,0,"overlapStart","CENPW",0.0112615501160573,3.84242018897752,0.977390964000288,"gain","significant","<5",0.0351131159958543
"chr6",131384973,131385037,60.8,57,40,61,46.33333,59.5,70.33333,54.33333,0,64,42.5,45.25,39.25,73.33333,49.5,0,53.75,44,78.66667,70.25,53.5,55.33333,51,63.66667,59,58.33333,59.25,61761,510,"upstream","EPB41L2",0.0246815307286795,4.31046133389861,0.977390964000288,"gain","significant",">300",0.0365382688844867
"chr6",142622676,142622730,44,33,0,29,18,28.5,18.66667,27.25,18.33333,17,20.5,21,20,23,0,15.5,0,30,35.33333,42.5,25,23.33333,35.5,35.33333,22.25,28.75,23,62241,260,"upstream","GPR126",0.00189138655197665,3.76317539084695,0.977390964000288,"gain","significant","100-300",0.0230601869000521
"chr6",169654217,169654243,32.75,35.4,22,30.5,23.5,29.16667,26.83333,25.66667,21,31.2,22.57143,22.33333,21.25,22.8,25.11111,24.66667,26.5,0,25.75,30.5,36,34.33333,28.75,21.5,34.57143,24,26,64056,77,"upstream","THBS2",0.02201822944857,2.86823621489849,0.977390964000288,"gain","significant","50-100",0.0375741585213725
"chr7",12610174,12610205,0,21.5,11,15,22.66667,19.5,23,29,0,19.5,19.33333,23.5,12,19,18.33333,24,11.5,22.5,37,25.5,25.5,42,28,21.5,17,22,16.5,65729,0,"overlapStart","SCIN",0.045360653862514,3.1928956292702,0.977390964000288,"gain","significant","<5",0.0486435035488327
"chr7",19813184,19813230,16.33333,29.5,17,22.25,19.33333,19.5,16,22.66667,19.5,19,21.66667,19,14.5,17.33333,19.5,26.5,13.5,17,25.33333,24.33333,22,32,23.5,25,24,23,19.5,65804,0,"overlapStart","TMEM196",0.00475600962204281,2.47152449794483,0.977390964000288,"gain","significant","<5",0.0135960025742932
"chr7",27190844,27190955,25.5,27.5,16,25.5,15,20,27.5,35,12,17.5,0,17,19,15.5,20.5,0,19,13.5,25,27.5,24.5,0,20.5,20,21,26.5,13,66134,621,"upstream","HOXA6",0.027079827449526,2.67305383034601,0.977390964000288,"gain","significant",">300",0.0238536742692655
"chr7",33943543,33943578,38.75,0,32,42.25,28.75,27,29.75,36,33.5,47.66667,42.33333,21.25,30.75,0,46,0,43,26.2,46.75,50.66667,31.75,48,48.33333,47.25,40.66667,58.25,33.25,66640,944,"upstream","BMPER",0.0199101630438174,3.99283558984171,0.977390964000288,"gain","significant",">300",0.0321950395417327
"chr7",43151978,43152110,26.83333,24.33333,20,30.5,29.75,29.75,22.33333,21.5,27.5,43.5,0,0,21.25,25.25,0,35.75,25,19.5,46.5,31,33,32.4,32.75,30.5,29.5,53,32.5,67029,87,"upstream","HECW1",0.0126065410653004,3.99171079179542,0.977390964000288,"gain","significant","50-100",0.0127573101157021
"chr7",56242627,56242761,15.25,16.5,18.66667,31.5,22.66667,22,0,23.5,15.66667,23.33333,15,22,19.5,16.75,17,26,13,20.66667,25.5,28.5,21,23,36.33333,24.66667,40.33333,20.5,18,67931,565,"upstream","RP4-725G10.4",0.0172118902769058,2.91346554356102,0.977390964000288,"gain","significant",">300",0.0455981678231061
"chr7",98245940,98245995,36.6,41.75,31.5,27.5,35.5,25.25,37.2,26.25,23,0,25.5,0,19.66667,24.5,30.25,0,50.25,22.16667,35.5,31,25.2,36.25,24.16667,34.5,40.33333,26.875,20.33333,69384,613,"upstream","NPTX2",0.0450769820711791,3.45005024544402,0.977390964000288,"gain","significant",">300",0.0357160534995063
"chr7",99588012,99588028,28.33333,25.33333,28.5,31.6,28,27,0,20.66667,23.5,29.5,40.5,32.33333,27.66667,23.33333,50,38,37,43,32,25.125,25,29.33333,28.66667,29,23,22,0,69561,1991,"upstream","RP4-604G5.3",0.02201822944857,-3.41841481450236,0.977390964000288,"loss","significant",">300",0.0291164346505918
"chr7",100769855,100769969,20.66667,21.5,16.5,19.5,18.5,27,19,19.5,0,15,0,14,13,15,19.66667,0,18.5,14.5,15.5,19.5,19.5,14.66667,15,19.5,17.33333,21,13.66667,69884,400,"upstream","SERPINE1",0.0443223949741813,2.66212109306706,0.977390964000288,"gain","significant",">300",0.00324157276188737
"chr7",101457484,101457536,52.8,45.5,38,41,31.33333,45.25,39.8,40.6,0,35.2,0,36,31.25,35.2,43.8,40.75,34.4,33.6,40,42,35.25,46.66667,40.2,39.6,43.5,33.16667,39.4,69971,1422,"upstream","CUX1",0.0452660546276526,3.45363960941766,0.977390964000288,"gain","significant",">300",0.0300083780620755
"chr7",107641920,107641959,28,27,23.66667,23.66667,23.66667,23.66667,25.5,25.75,0,25,28.66667,18.33333,17.66667,20.5,27.75,21.5,0,0,30.25,35.5,25.25,30.25,24.5,26,22.33333,30.25,22.75,70349,1492,"upstream","U3",0.00985041829084753,3.52507114539971,0.977390964000288,"gain","significant",">300",0.00702546039332063
"chr7",119912600,119912633,27.6,26.5,26.75,27.25,30.5,21,23.5,27.25,0,42.66667,26.75,23,27,26.75,0,30,30,36,34.25,29,24,42.33333,40.5,50,32.75,38.33333,31.33333,70535,1088,"upstream","KCND2",0.0451714973089384,3.5381240708717,0.977390964000288,"gain","significant",">300",0.0398011945420528
"chr7",128170427,128170520,81.33333,63.33333,36.33333,51,43.66667,45,59,58.33333,0,0,35.33333,26.5,38,0,70.33333,60.33333,64.33333,37,69.33333,52,42.33333,54,39.33333,66.66667,66.66667,65.33333,55,70823,1231,"upstream","RP11-274B21.1",0.0369200291254998,4.55810890437562,0.977390964000288,"gain","significant",">300",0.0235624533933788
"chr7",128555492,128555661,18,28,21,21,22.5,16,17.5,16.5,0,14,17.5,16,13,15,19,0,12.5,0,19.5,30.5,24,26,15,15.66667,21,19,16,70885,1374,"upstream","RP11-309L24.6",0.00414969451028506,3.32779385400322,0.977390964000288,"gain","significant",">300",0.0017342897126256
"chr7",128828249,128828270,32.75,24.5,0,27.66667,30.75,0,38,22.75,24,35.5,32.33333,14.5,30.25,26,30.75,22,27,28.33333,34.33333,46,24.33333,29.66667,30.33333,41.33333,32.25,41.25,36,70898,442,"upstream","SMO",0.02201822944857,2.99799478384842,0.977390964000288,"gain","significant",">300",0.0288159443879031
"chr8",686993,687308,30.33333,29,15.75,23.5,17.8,23.5,18.33333,22.75,0,22.33333,0,17,0,19.75,19,21.8,23.25,21.33333,26,29,20,22.8,23,24.5,19.5,25,20.75,72959,342,"upstream","ERICH1-AS1",0.0158260831274631,3.1615295343297,0.977390964000288,"gain","significant",">300",0.0188698867970301
"chr8",21881063,21881101,32.25,33.33333,25.5,28.5,32.25,26.33333,20,25.25,0,0,22.25,0,28.5,20.33333,32.5,22,24.5,27.75,35,31.66667,28.5,37,27.5,41.5,30,40.25,23.75,73811,534,"upstream","NPM2",0.00539923572735216,3.90813689830508,0.977390964000288,"gain","significant",">300",0.0039045926434452
"chr8",63160397,63160494,0,26.75,22.5,27.5,23.66667,29,0,25.5,21.25,28.66667,28.4,15,24.75,0,34.5,30,23.75,26.5,36,30.33333,24.5,34,38.5,32.25,23,39.75,27.75,75705,655,"upstream","NKAIN3",0.0434735543094676,3.08837394073016,0.977390964000288,"gain","significant",">300",0.0348662114254922
"chr8",73448633,73448673,26.25,21,21,22.75,18.5,24.75,21.5,20,0,24.25,24,19.5,0,0,27.5,27,19,25,30.5,22.5,26,28.5,30.33333,41.75,31.66667,36.5,24.75,75975,952,"upstream","KCNB2",0.00477447947200325,3.77112260489827,0.977390964000288,"gain","significant",">300",0.00470762464156221
"chr8",99438642,99438847,21,19.33333,15.5,28.75,19.75,20,14,18.8,16.5,0,0,21,22.75,14.33333,16.25,18.75,25,18,21.375,20.5,23.5,31.75,19,25.14286,20,25.16667,18.33333,76588,402,"upstream","KCNS2",0.0199101630438174,2.90566887450901,0.977390964000288,"gain","significant",">300",0.0495591798487847
"chr8",103136882,103136936,39.66667,30.25,30,42.5,40,26.75,28.66667,23.75,23,34.66667,30,19.66667,23.2,0,30,39.5,0,26.25,35,29.75,34.33333,33.75,34.75,36,30.25,49,27,76767,723,"upstream","MIR5680",0.0246184460988786,3.56042046248277,0.977390964000288,"gain","significant",">300",0.0284999749469614
"chr8",105478949,105479344,40.33333,29.5,17,20.25,30,19.5,28,25,19.33333,23,21.5,23,24.66667,29.33333,26,22,14,0,32,48.5,28.5,36.5,25,35,49.5,35.66667,21.66667,76898,0,"overlapStart","DPYS",0.00373359142094125,3.85003642133546,0.977390964000288,"gain","significant","<5",0.00430949605685013
"chr8",120845668,120845695,66.33333,40,35.5,39.5,46,52.6,38.75,54.5,45.33333,51.66667,36,37.8,31.25,76,49.4,51.5,42,39.66667,37.75,48,32.6,0,34.8,40,43.2,31.66667,28,77119,564,"upstream","TAF2",0.0434735543094676,-3.71928486252858,0.977390964000288,"loss","significant",">300",0.0458746005922798
"chr9",17578671,17578703,38,45.5,29.5,40.25,32,33.25,26,36.25,23.25,0,0,21.66667,19.25,35.25,37.75,38.5,0,25.25,27.75,39,34.5,34,33.25,49.5,56,54,25,79627,376,"upstream","SH3GL2",0.0197476384986877,4.25780684022443,0.977390964000288,"gain","significant",">300",0.00467782344644055
"chr9",21031567,21031798,30,25.5,23,23.25,16,21.5,27,21.5,28.66667,22,24.5,16,20.33333,27.25,27.66667,25.33333,15,26.25,35.66667,18,36,27.75,29.5,37,32.66667,31.5,21.33333,79775,0,"overlapStart","PTPLAD2",0.0172118902769058,2.73013681168991,0.977390964000288,"gain","significant","<5",0.0214220136941927
"chr9",32384012,32384045,45.75,63.33333,35,64.33333,26.25,52.25,52.33333,67,69,68.75,56,61,51.66667,54.33333,51.75,32,56.75,45,40.4,49,38.33333,30.5,51.66667,0,39.75,54.66667,41,79979,572,"upstream","ACO1",0.0113333064236319,-4.02294309935067,0.977390964000288,"loss","significant",">300",0.0486694821538584
"chr9",99146229,99146340,51,29.5,49,32.33333,32,34.6,38.8,54,53.66667,66,44.75,27,30.83333,30,32.44444,59.33333,30.57143,35.6,41.66667,30.875,0,0,0,27.6,27.5,30.8,33.2,82435,236,"upstream","SLC35D2",0.0450769820711791,-4.30205586936,0.977390964000288,"loss","significant","100-300",0.00848482336365485
"chr9",99637743,99638175,53,67.5,31,29,39.75,44,40,28.75,20,28,38.66667,26,40.33333,28.5,44,30.5,45,28,55,47,37.25,61.33333,53.5,53,60.33333,38.66667,45.75,82514,0,"overlapStart","ZNF782",0.00249711449567299,4.11300893094958,0.977390964000288,"gain","significant","<5",0.00447590224116677
"chr9",107509665,107509689,83.33333,63,55.75,59,39.75,61.33333,64,47.33333,60,80.33333,58.33333,48.75,58,66,98.33333,80,104.6667,61,46.25,52.5,59,62.66667,46,66.66667,0,55.66667,54.66667,82846,279,"upstream","NIPSNAP3A",0.02201822944857,-4.47723363709561,0.977390964000288,"loss","significant","100-300",0.0353950125388771
"chr9",115653298,115653439,27,41.66667,0,25,22.66667,24,24.33333,26,30,29,29.33333,23,26.75,23.5,25,21,26.33333,23.33333,31.66667,31.33333,38,31,27,42.75,31,38,36.5,83272,104,"upstream","SLC46A2",0.000695271298360403,3.07277293793159,0.977390964000288,"gain","significant","100-300",0.0117621941817061
"chr9",125133459,125133535,18,22.33333,24.5,32.5,17,19,30,14.5,19,22,19,0,18.5,16,0,0,18,18.75,36,27,26.5,17,20.5,21,26,25.66667,12,84139,1348,"upstream","RP11-498E2.9",0.0157799991917207,3.37761227887511,0.977390964000288,"gain","significant",">300",0.0137787212158798
"chr11",10921168,10921259,15.5,27.66667,0,19.5,17,17.66667,13,0,21,18,19.66667,16,14.33333,0,17.75,13.33333,16,12.5,19,25.5,25.66667,19.5,22,15.75,22.33333,20.75,21.5,95182,298,"upstream","CTD-2003C8.2",0.00621033872424389,2.6948802670692,0.977390964000288,"gain","significant","100-300",0.0478895946694489
"chr11",41481281,41481355,21.66667,22.5,20.75,29.66667,21,28,24.66667,0,19,21.33333,21,26,16,0,22.66667,0,18,20,36,29.5,25.33333,35.5,38.5,26,16,22,22.5,95919,0,"overlapStart","LRRC4C",0.0100137224679881,3.52681070157627,0.977390964000288,"gain","significant","<5",0.0256089096143114
"chr11",46958193,46958255,26.5,45.5,35,26.5,20.33333,33,34,0,22.66667,0,0,31.5,25,33,33.8,26.66667,31.5,31,33,71,31,32.33333,32.5,48.5,43,28.33333,35,96346,0,"overlapStart","C11orf49",0.0158260831274631,3.99041694035168,0.977390964000288,"gain","significant","<5",0.0427810742272849
"chr11",47616706,47616749,45.25,30.75,28,29.25,26.5,32.33333,28.5,0,23.25,29.25,32.5,22.25,22.8,28.75,35.5,30.6,0,28.75,36.5,38,41.5,51.25,28.2,37.5,38,37.8,36.33333,96464,494,"upstream","C1QTNF4",0.00165365608053727,3.69795083482823,0.977390964000288,"gain","significant",">300",0.0195733293036361
"chr11",66623103,66623171,28.57143,27.42857,0,34,27.28571,0,40,0,36.5,53,29.8,26,28,40.75,36.83333,38.2,55.75,31.4,30.71429,30.57143,26,30.25,27.5,30.57143,28.75,24.66667,34,97995,946,"upstream","LRFN4",0.0410490354417096,-3.07012551576252,0.977390964000288,"loss","significant",">300",0.00854241584078175
"chr11",115631334,115631360,51,34.75,48,34,32.75,39.25,21.25,0,44.66667,49.75,0,34.66667,42,33.75,41,43.5,40.66667,30.33333,55.25,57,31.25,54.66667,50.5,52.25,51.75,64.75,59,100063,0,"overlapStart","LINC00900",0.00145056182207885,4.07910939368472,0.977390964000288,"gain","significant","<5",0.00817502306836527
"chr12",5152805,5152845,27.5,25,20.5,19,13.66667,19.66667,0,0,27.5,23.33333,19.5,22,14.5,19.33333,25,25.33333,21,0,31.5,34.66667,26.66667,21.75,21,38.5,30.66667,30.4,21.25,102357,239,"upstream","KCNA5",0.0221845136424979,3.12745020760734,0.977390964000288,"gain","significant","100-300",0.0113670640098747
"chr12",15475215,15475289,35,25,35,33.25,47.66667,43.25,17.33333,0,23,30.33333,36.25,30.5,19.25,37.66667,27.25,0,21.33333,28,45.5,30,32.25,39.33333,28.5,60.25,33.33333,50.25,51.33333,102904,41,"upstream","PTPRO",0.00567234622962177,3.98514611894659,0.977390964000288,"gain","significant","25-50",0.0296001927576033
"chr12",24717081,24717155,29.8,27.33333,31.33333,34,30,26.4,30.33333,0,37,38.66667,23.5,20.25,26.75,0,32.5,38,32.75,30,36.8,35.66667,28,44,43,38.66667,27.25,46,44,102981,1556,"upstream","RP11-444D3.1",0.0336069989357669,3.35219882767994,0.977390964000288,"gain","significant",">300",0.0400391968009086
"chr12",80083394,80083542,24,29.5,20.33333,22,22.66667,23.5,20,0,26.75,0,27.66667,17,20,25.33333,33.5,26.75,19.66667,17.33333,31.66667,35,31,22.66667,29.33333,28.33333,34.66667,32.25,19.25,104938,381,"upstream","RP11-530C5.1",0.0246815307286795,2.9912909460038,0.977390964000288,"gain","significant",">300",0.0478308830642755
"chr12",93967381,93967405,23.8,42.66667,0,32,31.5,25.5,26.5,0,26.5,39,29.33333,25.2,25.5,37.5,29.8,30,0,30.5,36,33.33333,30.5,39.75,43.25,39,36.66667,42.25,32,105020,1836,"upstream","SOCS2-AS1",0.00618768715207379,3.26886690102742,0.977390964000288,"gain","significant",">300",0.0339240568591706
"chr12",118406551,118406988,28.5,26.5,16.25,20.4,19.5,19,24.5,0,20.33333,22,28,14.66667,24,19.5,24.5,22.66667,20.33333,20,22.75,22.33333,25,25.75,26,33.4,31.75,35.33333,21,106240,0,"overlapStart","KSR2",0.0159646782654223,2.44232899432714,0.977390964000288,"gain","significant","<5",0.0390616728989918
"chr13",20767509,20767719,30,25.5,19,23,0,32.75,33,0,22.5,30,36,17.66667,18.25,25,21.8,24.25,22.5,21.5,25.66667,46,34,27,31.5,33.5,35,31.33333,30,107729,471,"upstream","GJB2",0.00546060170895501,3.12432807985331,0.977390964000288,"gain","significant",">300",0.0208771098311906
"chr13",31506767,31506881,23,18,0,21.66667,0,24.33333,19.5,0,14,23,16,15.5,17.5,20,16,30,15,23,27,29.5,19.33333,14,26.25,23.5,28.66667,33.33333,24,108274,0,"overlapStart","TEX26",0.0409602051616011,2.60046350615783,0.977390964000288,"gain","significant","<5",0.0138571177060094
"chr13",38444474,38444563,25.5,30,23.66667,26.75,24.66667,28,19,0,21.5,28.33333,0,24.33333,27.5,21.5,29,28,0,23,29.66667,38.33333,31.5,32.5,23,37,29,29.75,29.66667,108408,0,"overlapStart","TRPC4",0.00163031288652026,3.43839157136769,0.977390964000288,"gain","significant","<5",0.0345909150975413
"chr14",70653678,70653700,29.66667,25.25,22.25,22.8,0,0,25.16667,0,22.25,32.33333,25.66667,16,24.75,26.2,26,28.5,19.2,23,38,39,27.25,24.75,27.2,29.75,25,31.25,33.25,111663,139,"upstream","RP11-486O13.2",0.0221845136424979,2.63588334725915,0.977390964000288,"gain","significant","100-300",0.00390769265940952
"chr14",77965522,77965661,35.25,31,20.5,24.75,0,24,24,0,22,23,23.25,16,23.5,26,29.25,32.33333,30.33333,25,28,40.25,35.5,23.5,29.33333,29,33,32.33333,26,112327,311,"upstream","ISM2",0.0272828306847187,2.5114305362516,0.977390964000288,"gain","significant",">300",0.0396266019993401
"chr14",78225562,78225632,48.6,17,14,22,32.25,0,57.5,0,49,45.25,21,46.25,29,42,74.75,62,66.5,19,32,27,0,21,27,45.4,19,38,14,112348,1540,"upstream","C14orf178",0.0245554182786415,-4.36826393061011,0.977390964000288,"loss","significant",">300",0.0242578449284989
"chr14",103655298,103655418,30,31.5,14,29.5,32,26.5,28.66667,0,0,27,18,29,31,24,16.5,20.5,23,25.5,28.5,46,23.33333,30,28.66667,28.33333,33,35,34,113837,0,"overlapStart","LINC00605",0.00567234622962177,3.38133459972913,0.977390964000288,"gain","significant","<5",0.0495277221712508
"chr15",40075781,40075850,46.33333,31,0,29,33,32.5,32.5,0,35.33333,51.33333,45.5,42,36.66667,38,43.4,55.33333,46,31,28,40.75,28.5,29,35.5,57.5,33.66667,29.66667,36,114898,749,"upstream","FSIP1",0.0349866851414839,-2.8193651266758,0.977390964000288,"loss","significant",">300",0.0166740653009905
"chr15",49102676,49102713,27.33333,40.33333,19.75,28.25,23,25.66667,28,0,22.5,29.5,24.5,21.66667,36,20.33333,0,0,29.66667,27.33333,50.5,37.5,28,59,46,28,43,35.25,35.25,115451,184,"upstream","RP11-485O10.3",0.00284375126587076,4.25759736924024,0.977390964000288,"gain","significant","100-300",0.00277246639758907
"chr15",65587884,65588124,21,31,0,29.5,19.5,24,24.6,0,26.66667,28.5,28,24.25,19,19.33333,28.75,20.75,21,18.5,44.5,27.6,25.33333,25,25,33.66667,40,28,29.25,116094,264,"upstream","RNU5A-1",0.0273506102022815,2.89777824293085,0.977390964000288,"gain","significant","100-300",0.0163793512368393
"chr15",69706564,69706622,47.75,73.33333,41.33333,29.66667,42,35.66667,68,0,23.33333,45.66667,31,30.5,28,0,34,0,33.33333,39,36.33333,54.75,56.5,37.5,60.5,34,37.33333,36.5,51.33333,116482,0,"overlapStart","KIF23",0.00546060170895501,4.20858656112112,0.977390964000288,"gain","significant","<5",0.048833272643849
"chr15",75017999,75018037,43.5,44.25,0,0,31.5,33,32,0,25,37.75,32,20.75,28.16667,39.75,34.25,29.5,25.25,23.75,39.33333,55,45,31.5,44.33333,37,33,37,26.25,116810,47,"upstream","CYP1A1",0.0304133061680621,3.18527907796854,0.977390964000288,"gain","significant","25-50",0.0467681277390234
"chr15",76005103,76005404,25.33333,33,0,36.66667,23,17,34.5,0,21,33,16.33333,26.5,22.75,21.5,24.33333,23,20.5,21,25.33333,43.5,37,35,30.33333,28,40.5,26,32.33333,116949,0,"overlapStart","CSPG4",0.00218979271035682,3.33905812005016,0.977390964000288,"gain","significant","<5",0.0236570137565242
"chr15",99646656,99646785,45.25,38.5,29,48,40.25,28,32.8,0,32.5,35,0,28.6,25.66667,35.5,26.33333,43,36.5,28.71429,44.5,51.75,38.66667,34.5,42.25,41.4,47,52.25,44.25,118256,625,"upstream","RP11-654A16.3",0.000974257940202213,3.89545137543101,0.977390964000288,"gain","significant",">300",0.0236892169340753
"chr16",9054637,9054720,34.77778,32.66667,47.16667,34.875,39.25,35.14286,29.875,0,21.5,0,35.57143,37.57143,23.25,22.33333,29.375,0,37.66667,28.14286,44.5,33,32.66667,38.16667,37,45,43.125,42.33333,44.5,119670,1842,"upstream","RP11-77H9.8",0.00285596404432886,4.04363635490752,0.977390964000288,"gain","significant",">300",0.0180253394000647
"chr16",22018544,22018583,59.6,67.25,43.25,54.2,0,56.2,53.4,0,43.4,79.25,47.2,48.5,32.8,54.75,56,0,59.2,46.75,60.4,64.4,55.4,75,57,80,59.6,79.66667,76,120310,375,"upstream","C16orf52",0.00298772434995345,4.37234597369974,0.977390964000288,"gain","significant",">300",0.0288301377883577
"chr16",28075271,28075365,24.5,23,23.33333,21.4,23.75,21.75,20.5,0,0,19.5,22.33333,16,20.25,19.5,17,23.66667,20.66667,19.33333,27,24,20.5,23.5,18.5,32,27.66667,29.5,34,120613,440,"upstream","GSG1L",0.00621033872424389,3.08258281387773,0.977390964000288,"gain","significant",">300",0.0297826260223215
"chr16",53407122,53407285,34,31,15,22.5,13,18,19,0,0,19.5,23,10,18.5,16,16.5,14,0,18,24,35,23.5,24,28,19.5,14,34,14,121332,119,"upstream","RP11-44F14.2",0.0140085170214579,3.38543103719352,0.977390964000288,"gain","significant","100-300",0.0489897229370084
"chr16",68680080,68680154,27.33333,24.5,0,28.5,22,0,34.5,0,19.5,25.25,26.33333,27.5,23,29.5,20.33333,20,18.66667,21.5,26.75,32.5,29.33333,27,36.5,29.75,27.75,30.5,23,122373,8,"upstream","RP11-615I2.2",0.00548114215940984,2.6024445538677,0.977390964000288,"gain","significant","5-25",0.0252620438621389
"chr17",31595,31718,21,23,0,23,21.25,20,15.33333,0,15.66667,0,15.5,11,19,19.75,18.66667,14,13,14,24.33333,26.5,25,22.75,21,20.25,17.33333,26.4,17,124066,167,"upstream","DOC2B",0.00166148450426987,3.04034021705636,0.977390964000288,"gain","significant","100-300",0.0320480806692985
"chr17",46894867,46894883,34,40,20,26,20,35.5,29,0,16.5,27.33333,21.75,18,17.33333,25,0,0,18,21.33333,27.5,33.66667,33.33333,28.33333,24.5,34.33333,28.66667,32,28.75,128651,290,"upstream","TTLL6",0.000514371613300138,3.76504361605931,0.977390964000288,"gain","significant","100-300",0.0106573425798987
"chr18",21595313,21595463,44.66667,38.5,35.66667,45.33333,32.66667,36.2,29.25,0,46.66667,56.75,27.8,22.5,0,30,46.33333,47,33.33333,43,52,30.4,47,63,55.66667,58.33333,35.6,63.66667,53.33333,132698,9,"upstream","RP11-403A21.2",0.0178420753333654,3.96916587358516,0.977390964000288,"gain","significant","5-25",0.0270982866040772
"chr19",917011,917157,25.88889,39.66667,24,19.16667,24.16667,26,26.5,0,18,21.8,0,0,23.14286,23,18.8,23.75,19.33333,20.14286,26.66667,36,21.83333,23.42857,27.8,33.55556,25,27.42857,36,134329,129,"upstream","KISS1R",0.000933907813756122,3.56533388977177,0.977390964000288,"gain","significant","100-300",0.0234926126092829
"chr19",35770592,35770861,20,0,0,20,18,21.4,24.2,0,21,25.25,15.88889,15,19.75,21,18.90909,17.75,20.75,14,23.16667,27.25,20,20.25,23.22222,24.8,23.4,23.1,23,138684,757,"upstream","HAMP",0.01272380812852,2.0711794640973,0.977390964000288,"gain","significant",">300",0.0109785968709991
"chr20",17206678,17206729,33,0,26.66667,24.2,25.8,20.4,29.5,0,20.66667,22.66667,28,20,19.5,24.25,25.8,30.2,28.66667,23.66667,23.75,31,25.8,32.33333,33.75,32,27.6,33,28.5,142792,22,"upstream","PCSK2",0.0113333064236319,2.43468954411598,0.977390964000288,"gain","significant","5-25",0.0438492428308248
"chr20",34893833,34893911,33.75,34,33.75,17.2,27,23.75,39.5,0,23.75,0,22,16,26.25,0,26.4,27.8,20.5,23.75,36,32,27.25,40.75,29,36.25,23.6,31,24,143983,346,"upstream","DLGAP4",0.00371844732874655,3.63800945845557,0.977390964000288,"gain","significant",">300",0.0370369026900755
"chr20",43729563,43729778,46.33333,35.85714,32.5,46,40.33333,26,34.25,0,21,40.66667,34,22.66667,42.66667,23,40.25,23,30.33333,40.66667,49,38.33333,55,44.33333,56,47.75,32.5,33.75,50.66667,144657,0,"overlapStart","KCNS1",0.0126846638729703,3.74784472367496,0.977390964000288,"gain","significant","<5",0.0251765952428655
"chr20",48099171,48099196,31.25,31,32.33333,26.75,30.25,31.66667,18,0,22,0,28.75,22.66667,28,0,22.28571,33.66667,21,31.25,45,42,29.33333,35.6,27.8,38.75,25.33333,32.4,23.8,145188,0,"overlapStart","KCNB1",0.0159646782654223,3.62915602132872,0.977390964000288,"gain","significant","<5",0.0487478875846635
"chr22",21319127,21319143,27.5,20.4,25,0,0,17.2,25,0,23.16667,22,27.5,15.33333,20.2,25.66667,21.16667,25.75,24.25,27.33333,31,36.33333,24.33333,25.75,25.14286,28,28.5,30.75,27.5,148352,252,"upstream","AIFM3",0.00618768715207379,2.4204230240659,0.977390964000288,"gain","significant","100-300",0.00217552327234751
"chr22",25959998,25960035,36.25,27.2,33.5,48,31.8,37.5,29.5,0,45.25,37,38,27,19.8,0,30.8,0,33.75,24,57.25,33.25,42.5,51,49,45.5,33,43.5,38,148778,780,"upstream","ADRBK2",0.00700081744342938,4.17844907374885,0.977390964000288,"gain","significant",">300",0.0162897165442267
"chrX",33744489,33744552,26,23,0,22,12,19,16,15,20,21,19,0,20,13,14,17,0,19,27,16.5,17,50,20,24.5,20,36,18.66667,151883,72,"upstream","RP11-305F18.1",0.0487397333716253,3.48781031337396,0.977390964000288,"gain","significant","50-100",0.0352234527136817
"chrX",36975762,36975830,27.5,23.5,12,29,17,31,16,13,30,0,13,0,0,13,17.5,21.5,15.66667,17.5,21.25,24.5,24,20.66667,25,31.5,25.5,19.5,16.66667,151888,155,"upstream","BX842568.1",0.0125286396242797,3.37284899816346,0.977390964000288,"gain","significant","100-300",0.0187779744612733
"chrX",49642510,49642541,38.5,37,32.66667,38,32.66667,36,34.6,31.33333,35,39,32,32.33333,25.33333,44,38,47,44,29.5,25,41.75,30,0,28.4,29.4,32.75,31.25,0,152406,1928,"upstream","USP27X",0.0246184460988786,-3.62449078692428,0.977390964000288,"loss","significant",">300",0.0210765152293865
"chrX",137793187,137793274,18,24,0,21,20,19,15.5,18,13.33333,14,19,0,16,0,28.5,16.5,12,18,20.33333,21.5,20,23,34,35.5,20,21.33333,25,153774,339,"upstream","FGF13-AS1",0.00217996593402912,3.43097898865046,0.977390964000288,"gain","significant",">300",0.0133157247764682
"chrX",153210489,153210533,29,30.5,25,28,29.66667,21,26.5,24.5,27.66667,38.5,22.25,23.5,20.5,18,34,39,32.5,23,19.33333,26.8,27,17,0,22,24.25,0,15.66667,154099,256,"upstream","RENBP",0.0304133061680621,-3.4590672994295,0.977390964000288,"loss","significant","100-300",0.0106962085543545
