ID	adj.P.Val	P.Value	t	B	logFC	FC	Gene.symbol	Gene.title
10025911219	1,96E-27	5,36E-29	12,886381	55,1760647	0,361	1,28431580898943	SLC39A12	solute carrier family 39 (zinc transporter), member 12
10025908612	3,39E-36	7,47E-39	15,8670343	77,66736	0,343	1,26839139932587	BCL6	B-cell CLL/lymphoma 6 (zinc finger protein 51)
10025903522	6,14E-35	2,1E-37	15,4298729	74,3610423	0,336	1,26225203211212	ZFP36L1	zinc finger protein 36, C3H type-like 1
10023809998	8,19E-19	8,66E-20	9,9972326	34,1882435	0,25	1,18920711500272	ZFP36	zinc finger protein 36, C3H type, homolog (mouse)
10025904814	6,58E-18	7,71E-19	9,6852383	32,028649	0,232	1,17446197121365	AZGP1	alpha-2-glycoprotein 1, zinc-binding
10023816175	1,93E-25	7,76E-27	12,2239124	50,2465228	0,219	1,16392653440214	ZNF217	zinc finger protein 217
10023811449	1,86E-23	1,06E-24	11,5622158	45,3783654	0,216	1,16150873192572	GLIS3	GLIS family zinc finger 3
10023812094	7,35E-35	2,66E-37	15,3991029	74,1282103	0,215	1,16070391438372	ZBTB16	zinc finger and BTB domain containing 16
10023822976	8,19E-31	9,83E-33	14,0206686	63,7023182	0,214	1,15989965450543	BAZ2A	bromodomain adjacent to zinc finger domain, 2A
10023819255	2,03E-22	1,35E-23	11,2160662	42,859524	0,211	1,15749021699012	BAZ1A	bromodomain adjacent to zinc finger domain, 1A
10023821617	8,19E-13	1,65E-13	7,8397945	19,9310942	0,204	1,15188764234936	ZNF652	zinc finger protein 652
10023816685	2,68E-19	2,68E-20	10,1631045	35,3473833	0,201	1,14949484803468	IKZF1	IKAROS family zinc finger 1 (Ikaros)
10025908633	3,37E-27	9,7E-29	12,8076387	54,5877334	0,2	1,14869835499704	SLC39A1	solute carrier family 39 (zinc transporter), member 1
10023804685	1,96E-13	3,7E-14	8,0752426	21,399847	0,199	1,147902413855	IKZF2	IKAROS family zinc finger 2 (Helios)
10023809600	6,82E-17	8,95E-18	9,3303128	29,6072601	0,192	1,14234624684855	GLI1	glioma-associated oncogene homolog 1 (zinc finger protein)
10023826392	1,4E-14	2,36E-15	8,4998747	24,1088285	0,186	1,1376052278725	BCL6B	B-cell CLL/lymphoma 6, member B (zinc finger protein)
10023847702	1,22E-17	1,48E-18	9,5912736	31,3838033	0,184	1,13602926478669	ZNRF3	zinc and ring finger 3
10025903671	1,86E-25	7,46E-27	12,2292153	50,2857827	0,183	1,13524210214606	ZC3HAV1	zinc finger CCCH-type, antiviral 1
10023807078	4,96E-20	4,54E-21	10,4124522	37,1032761	0,179	1,13209890211067	ZBTB20	zinc finger and BTB domain containing 20
10023805556	4,68E-23	2,82E-24	11,4294088	44,4094739	0,179	1,13209890211067	ZFHX3	zinc finger homeobox 3
10025908530	5,07E-24	2,63E-25	11,7506499	46,7580644	0,171	1,12583858613676	ZBTB1	zinc finger and BTB domain containing 1
10023810252	1,02E-25	3,88E-27	12,3165229	50,9326722	0,171	1,12583858613676	ZNF395	zinc finger protein 395
10025907022	3,12E-20	2,79E-21	10,4806894	37,5864777	0,163	1,11961288865424	ZHX2	zinc fingers and homeoboxes 2
10025929524	7,19E-16	1,05E-16	8,9674219	27,1740386	0,161	1,11806185096586	ZKSCAN1	zinc finger with KRAB and SCAN domains 1
10023809063	2,85E-09	8E-10	6,4118867	11,6090084	0,159	1,11651296198257	ZNF638	zinc finger protein 638
10023830346	1,38E-26	4,43E-28	12,6058606	53,0828893	0,155	1,11342161822869	ZC3H12C	zinc finger CCCH-type containing 12C
10025907544	1,27E-16	1,71E-17	9,2355602	28,967632	0,155	1,11342161822869	ZNF397	zinc finger protein 397
10023816256	1,48E-30	1,91E-32	13,9331792	63,0420514	0,146	1,10649735309227	ANKZF1	ankyrin repeat and zinc finger domain containing 1
10025902205	2,91E-29	5,35E-31	13,4949968	59,7407207	0,146	1,10649735309227	ZNF558	zinc finger protein 558
10023823986	7,14E-17	9,4E-18	9,3231758	29,5589792	0,144	1,10496448479991	VEZF1	vascular endothelial zinc finger 1
10025907543	2,39E-19	2,37E-20	10,1803544	35,4683466	0,144	1,10496448479991	ZMYND8	zinc finger, MYND-type containing 8
10025904719	7,88E-23	4,92E-24	11,3535946	43,8577395	0,143	1,10419884716309	ZRSR2	zinc finger (CCCH type), RNA-binding motif and serine/arginine rich 2
10025903883	2,92E-35	9,13E-38	15,5390257	75,18689	0,142	1,10343374004196	ZSCAN22	zinc finger and SCAN domain containing 22
10025902772	6,68E-33	4,8E-35	14,7184695	68,9771061	0,14	1,10190511587661	ZCCHC8	zinc finger, CCHC domain containing 8
10025930074	1,87E-22	1,23E-23	11,2282481	42,9478027	0,14	1,10190511587661	ZNF609	zinc finger protein 609
10025908659	1,61E-13	3,03E-14	8,1065663	21,5970887	0,139	1,10114159809796	ZNF417	zinc finger protein 417
10025906482	1,84E-06	6,82E-07	5,1077505	5,0539199	0,138	1,10037860936614	ZNF423	zinc finger protein 423
10025907281	7,61E-39	6,63E-42	16,7902033	84,6310847	0,138	1,10037860936614	ZNF438	zinc finger protein 438
10025902774	4,36E-22	3,01E-23	11,1061553	42,064308	0,129	1,09353545748463	ZHX3	zinc fingers and homeoboxes 3
10023836712	1,08E-14	1,79E-15	8,5416653	24,3794093	0,128	1,09277773910095	ZBTB7B	zinc finger and BTB domain containing 7B
10025905269	3,68E-17	4,69E-18	9,4243775	30,2451398	0,128	1,09277773910095	ZFP36L2	zinc finger protein 36, C3H type-like 2
10025911110	1,87E-06	6,93E-07	5,104097	5,0371662	0,126	1,09126387705494	ZBTB7A	zinc finger and BTB domain containing 7A
10023840926	6,75E-34	3,34E-36	15,0675614	71,6190408	0,125	1,09050773266526	ZCCHC6	zinc finger, CCHC domain containing 6
10025902942	1,75E-16	2,4E-17	9,1856353	28,6318155	0,123	1,08899701533611	BAZ2B	bromodomain adjacent to zinc finger domain, 2B
10025909136	3E-22	2,04E-23	11,1596586	42,4511212	0,123	1,08899701533611	ZNF692	zinc finger protein 692
10025909067	7,15E-19	7,52E-20	10,0172643	34,3278356	0,122	1,0882424416708	ZDHHC2	zinc finger, DHHC-type containing 2
10025903567	5,89E-16	8,54E-17	8,9986068	27,3813515	0,121	1,08748839085488	MORC4	MORC family CW-type zinc finger 4
10023826953	1,54E-17	1,89E-18	9,5561354	31,1433516	0,121	1,08748839085488	ZNF646	zinc finger protein 646
10025913166	1,89E-21	1,42E-22	10,8930698	40,5293974	0,12	1,08673486252606	MORC2	MORC family CW-type zinc finger 2
10025903749	1,39E-16	1,88E-17	9,2216213	28,8737888	0,118	1,08522937188181	RBCK1	RanBP-type and C3HC4-type zinc finger containing 1
10025907808	5,21E-18	6,03E-19	9,7205386	32,2715844	0,118	1,08522937188181	ZADH1	zinc binding alcohol dehydrogenase, domain containing 1
10023844785	9,92E-22	7,22E-23	10,986382	41,2004194	0,118	1,08522937188181	ZDHHC18	zinc finger, DHHC-type containing 18
10023844016	1,7E-16	2,34E-17	9,189698	28,6591114	0,113	1,08147476348362	ZNF768	zinc finger protein 768
10023840236	9,24E-11	2,27E-11	7,0327937	15,0960831	0,112	1,08072540203935	ZFHX4	zinc finger homeobox 4
10023835095	1,34E-16	1,82E-17	9,2264747	28,9064571	0,112	1,08072540203935	ZNF346	zinc finger protein 346
10025902569	3,25E-20	2,91E-21	10,4745126	37,5426925	0,108	1,07773314504367	ZBTB40	zinc finger and BTB domain containing 40
10023837895	1,74E-10	4,37E-11	6,9210399	14,4526824	0,107	1,07698637619305	ZNF358	zinc finger protein 358
10025911848	1,85E-16	2,55E-17	9,1769426	28,5734304	0,107	1,07698637619305	ZNF785	zinc finger protein 785
10025905557	3,57E-20	3,21E-21	10,4607993	37,4455164	0,105	1,07549439045738	ZBTB5	zinc finger and BTB domain containing 5
10025905039	2,01E-16	2,78E-17	9,1644094	28,4892952	0,105	1,07549439045738	ZNF146	zinc finger protein 146
10025911915	1,52E-16	2,08E-17	9,2072526	28,77712	0,105	1,07549439045738	ZNF565	zinc finger protein 565
10023838440	7,34E-14	1,33E-14	8,2344503	22,4067206	0,105	1,07549439045738	ZNF618	zinc finger protein 618
10023806975	6,59E-20	6,13E-21	10,3705466	36,8070934	0,104	1,0747491728555	ZNF330	zinc finger protein 330
10023811158	6,33E-25	2,77E-26	12,0533721	48,9858683	0,103	1,07400447162012	CIZ1	CDKN1A interacting zinc finger protein 1
10023820762	2,7E-05	1,14E-05	4,4871068	2,3484798	0,103	1,07400447162012	SLC39A14	solute carrier family 39 (zinc transporter), member 14
10023821182	4,95E-21	3,94E-22	10,7523595	39,5209894	0,103	1,07400447162012	ZBTB33	zinc finger and BTB domain containing 33
10025905791	6,27E-10	1,66E-10	6,6903302	13,1459776	0,103	1,07400447162012	ZDHHC20	zinc finger, DHHC-type containing 20
10025911199	3,67E-09	1,04E-09	6,3640496	11,3495074	0,103	1,07400447162012	ZNF234	zinc finger protein 234
10025908622	1,01E-17	1,21E-18	9,6206164	31,5848862	0,103	1,07400447162012	ZNF276	zinc finger protein 276
10023848658	5,88E-09	1,71E-09	6,2748483	10,8692666	0,103	1,07400447162012	ZNF292	zinc finger protein 292
10025913188	3,38E-25	1,42E-26	12,1431153	49,6487848	0,103	1,07400447162012	ZNF443	zinc finger protein 443
10025909892	7,28E-15	1,19E-15	8,6044483	24,7871972	0,102	1,07326028639345	ZFAND3	zinc finger, AN1-type domain 3
10026391345	1,11E-13	2,05E-14	8,167041	21,979085	0,102	1,07326028639345	ZNF274	zinc finger protein 274
10025907639	8,68E-12	1,92E-12	7,4435325	17,5168323	0,0975	1,06991782890028	ZNF83	zinc finger protein 83
10023832370	2,38E-27	6,61E-29	12,8584873	54,9675874	0,0974	1,06984367041779	ZNF384	zinc finger protein 384
10023815998	8,41E-08	2,72E-08	5,7563611	8,1751628	0,0967	1,06932470494313	SLC30A1	solute carrier family 30 (zinc transporter), member 1
10023840535	1,19E-13	2,2E-14	8,1564347	21,9119759	0,0952	1,06821348361668	ZC3H12A	zinc finger CCCH-type containing 12A
10023822840	1,2E-12	2,44E-13	7,7767063	19,5417849	0,0934	1,06688154220183	ZBTB10	zinc finger and BTB domain containing 10
10025902844	2,15E-13	4,08E-14	8,0597995	21,3027609	0,092	1,06584673606794	ZNF587	zinc finger protein 587
10023844974	1,72E-09	4,73E-10	6,5060163	12,1235691	0,0919	1,06577285976233	ZSWIM6	zinc finger, SWIM-type containing 6
10023818783	1,44E-11	3,25E-12	7,3569164	16,9992146	0,0903	1,06459153502436	ZNF428	zinc finger protein 428
10025933472	4,42E-10	1,15E-10	6,7537076	13,5019963	0,0897	1,06414887590655	ZFP14	zinc finger protein 14 homolog (mouse)
10025902404	8,68E-16	1,28E-16	8,9379551	26,9784665	0,0893	1,06385387208744	ZNF76	zinc finger protein 76 (expressed in testis)
10023811456	4,38E-15	6,99E-16	8,6843192	25,3081775	0,0891	1,06370640084721	ZBTB44	zinc finger and BTB domain containing 44
10025905928	1,86E-08	5,66E-09	6,0541108	9,7016681	0,088	1,06289567435855	ZNF577	zinc finger protein 577
10023837311	1,29E-16	1,74E-17	9,233173	28,9515561	0,0848	1,06054070901648	ZNF672	zinc finger protein 672
10025910722	7,83E-11	1,91E-11	7,0619599	15,2650992	0,0842	1,06009973423957	PATZ1	POZ (BTB) and AT hook containing zinc finger 1
10025910390	1,1E-15	1,65E-16	8,9005336	26,730547	0,0841	1,06002625627196	ZNF792	zinc finger protein 792
10025913382	2,51E-06	9,44E-07	5,0388941	4,7397835	0,083	1,05921833468388	ZNF366	zinc finger protein 366
10025905271	1,69E-24	8,09E-26	11,9094436	47,9250073	0,0815	1,0581176156998	ZNF175	zinc finger protein 175
10025910761	0,00723	0,00418	2,893285	-3,1902394	0,0809	1,05767764844955	ZNF100	zinc finger protein 100
10025902358	4,55E-23	2,73E-24	11,4336221	44,4401655	0,0806	1,05745773343137	ZNFX1	zinc finger, NFX1-type containing 1
10025908404	2,45E-23	1,42E-24	11,5229171	45,0913513	0,0798	1,05687151690294	ZFYVE26	zinc finger, FYVE domain containing 26
10023819286	1,72E-08	5,2E-09	6,0696239	9,7827419	0,0798	1,05687151690294	ZNF219	zinc finger protein 219
10023835357	4,32E-14	7,65E-15	8,3197982	22,9508903	0,0792	1,05643206778285	ZBTB34	zinc finger and BTB domain containing 34
10025903079	3,78E-11	8,94E-12	7,1892996	16,0082591	0,0786	1,05599280138652	ZNF670	zinc finger protein 670
10025903872	4,02E-13	7,84E-14	7,9572182	20,6605136	0,0786	1,05599280138652	ZNF673	zinc finger protein 673
10025912610	1,36E-11	3,07E-12	7,3663247	17,0552582	0,0785	1,05591960807994	ZZZ3	zinc finger, ZZ-type containing 3
10025911302	4,83E-18	5,56E-19	9,731979	32,3503959	0,078	1,05555371763797	ZNF561	zinc finger protein 561
10023824371	1,76E-05	7,27E-06	4,5902216	2,7779608	0,077	1,05482231706806	ZNF608	zinc finger protein 608
10023822851	0,0175	0,0107	2,5721437	-4,0400264	0,0765	1,05445680685228	IKZF5	IKAROS family zinc finger 5 (Pegasus)
10031920339	2,9E-13	5,57E-14	8,0109725	20,9964836	0,0758	1,05394530531948	ZNF322B	zinc finger protein 322B
10025924573	2,63E-14	4,55E-15	8,3996132	23,4625022	0,0758	1,05394530531948	ZNF766	zinc finger protein 766
10025911903	0,0206	0,0128	2,5073999	-4,1999524	0,075	1,05336103595484	ZNF687	zinc finger protein 687
10025908101	2,08E-11	4,78E-12	7,2933954	16,6219976	0,0745	1,05299603209275	ZCCHC14	zinc finger, CCHC domain containing 14
10025913306	1,55E-10	3,89E-11	6,9410488	14,5673861	0,0743	1,05285006596442	ZNF444	zinc finger protein 444
10025909298	3,74E-09	1,06E-09	6,3609438	11,3327067	0,0742	1,05277709048811	ZNF92	zinc finger protein 92
10023825169	1,97E-17	2,44E-18	9,5189594	30,8893685	0,0731	1,05197469400613	CASZ1	castor zinc finger 1
10025910552	1,21E-16	1,64E-17	9,2421555	29,0120573	0,0731	1,05197469400613	ZNF398	zinc finger protein 398
10025906894	6,33E-19	6,61E-20	10,0355627	34,4554443	0,0724	1,05146439650986	ZNF193	zinc finger protein 193
10025910583	1,34E-06	4,86E-07	5,1783553	5,3795523	0,0723	1,05139151707751	ZNF114	zinc finger protein 114
10025908367	2,12E-08	6,5E-09	6,0282422	9,5668094	0,0723	1,05139151707751	ZNF451	zinc finger protein 451
10023817949	9,11E-09	2,69E-09	6,1914824	10,4247855	0,0722	1,0513186426966	ZNF331	zinc finger protein 331
10025902548	4,38E-13	8,56E-14	7,9432166	20,5732123	0,0717	1,05095434655143	ZNF644	zinc finger protein 644
10025904054	3,16E-12	6,72E-13	7,6142228	18,5476354	0,0715	1,05080866344121	ZBTB2	zinc finger and BTB domain containing 2
10025911358	6,45E-11	1,56E-11	7,0959605	15,4626976	0,071	1,05044454401075	ZNF224	zinc finger protein 224
10023819322	1,83E-09	5,05E-10	6,4942925	12,0591981	0,0709	1,05037173526674	ZC3H11A	zinc finger CCCH-type containing 11A
10023827275	1,79E-12	3,71E-13	7,7098619	19,1313016	0,0706	1,05015333931256	ZMPSTE24	zinc metallopeptidase (STE24 homolog, S. cerevisiae)
10025931546	2,44E-07	8,24E-08	5,539139	7,0979298	0,0706	1,05015333931256	ZNF600	zinc finger protein 600
10025902960	9,63E-12	2,14E-12	7,4258298	17,4107386	0,0705	1,05008055075261	DPF2	D4, zinc and double PHD fingers family 2
10031920862	1,13E-10	2,8E-11	6,9969827	14,8891796	0,0703	1,04993498876781	ZNF254	zinc finger protein 254
10025924352	4,03E-09	1,15E-09	6,3466523	11,2554704	0,0702	1,04986221534225	ZFAND5	zinc finger, AN1-type domain 5
10025908573	8,67E-14	1,58E-14	8,2075221	22,2356613	0,0701	1,04978944696079	ZC3H10	zinc finger CCCH-type containing 10
10025907917	0,000119	5,4E-05	4,1142964	0,8648306	0,07	1,04971668362307	ZBED3	zinc finger, BED-type containing 3
10025904105	1,19E-22	7,62E-24	11,2941001	43,4254887	0,0691	1,04906204049444	ZNF410	zinc finger protein 410
10023832227	2,49E-08	7,67E-09	5,997158	9,405317	0,0689	1,04891661969535	SLC39A8	solute carrier family 39 (zinc transporter), member 8
10023828703	1,6E-10	4,01E-11	6,9356206	14,5362471	0,0687	1,04877121905447	ZNF614	zinc finger protein 614
10025909762	1,92E-10	4,86E-11	6,9027304	14,3479107	0,0687	1,04877121905447	ZNRF2	zinc and ring finger 2
10025933944	2,68E-08	8,29E-09	5,9825134	9,3294445	0,0685	1,04862583856901	ZNF141	zinc finger protein 141
10025933968	4,16E-06	1,59E-06	4,926538	4,2345515	0,0682	1,04840780562609	ZNF605	zinc finger protein 605
10023828972	7,52E-11	1,83E-11	7,0691073	15,3065866	0,0681	1,04833513805313	ZNF445	zinc finger protein 445
10025903330	4,2E-13	8,21E-14	7,9498532	20,614581	0,0674	1,04782660605208	ZBTB6	zinc finger and BTB domain containing 6
10023827470	6,65E-07	2,34E-07	5,3288092	6,085193	0,067	1,0475361270998	ZNF780A	zinc finger protein 780A
10025908842	0,000365	0,000176	3,8137957	-0,249965	0,0669	1,0474635199449	ZNF703	zinc finger protein 703
10025910834	2,46E-10	6,28E-11	6,8587525	14,0970043	0,0666	1,04724572867421	MORC3	MORC family CW-type zinc finger 3
10025906335	1,48E-09	4,05E-10	6,5334325	12,2744129	0,0652	1,04622996801022	TSHZ2	teashirt zinc finger homeobox 2
10023835808	5,78E-14	1,04E-14	8,2729676	22,6519277	0,065	1,04608493979253	FLYWCH1	FLYWCH-type zinc finger 1
10025908097	7,43E-17	9,8E-18	9,3171084	29,5179464	0,0644	1,04564997575104	GATAD2A	GATA zinc finger domain containing 2A
10023814367	3,54E-10	9,17E-11	6,793584	13,72715	0,0638	1,0452151925684	HELZ	helicase with zinc finger
10031919876	7,22E-11	1,75E-11	7,0762427	15,3480312	0,0637	1,04514274628285	ZNF500	zinc finger protein 500
10025905145	1,19E-09	3,22E-10	6,5742441	12,4997638	0,0632	1,04478059016941	ZNF318	zinc finger protein 318
10025907619	9,61E-10	2,58E-10	6,6127748	12,7133997	0,0632	1,04478059016941	ZNF680	zinc finger protein 680
10025908919	5,04E-06	1,95E-06	4,8826377	4,0396476	0,0623	1,04412902537584	ZNF462	zinc finger protein 462
10025905572	1,88E-11	4,32E-12	7,3102446	16,7218577	0,0622	1,04405665437504	ZNF143	zinc finger protein 143
10023807976	1,48E-08	4,48E-09	6,0975417	9,9290223	0,0621	1,04398428839045	ZC3H4	zinc finger CCCH-type containing 4
10023851306	0,0203	0,0126	2,5138297	-4,1842425	0,0619	1,04383957146849	ZDHHC11	zinc finger, DHHC-type containing 11
10023809560	1,98E-11	4,54E-12	7,3018606	16,67215	0,0619	1,04383957146849	ZNF592	zinc finger protein 592
10025906867	4,87E-16	7,02E-17	9,0277439	27,5753611	0,0619	1,04383957146849	ZNF607	zinc finger protein 607
10025911470	2,06E-09	5,71E-10	6,4722611	11,9384487	0,0618	1,04376722053042	ZHX1	zinc fingers and homeoboxes 1
10025902424	8,6E-11	2,1E-11	7,0455386	15,1698836	0,0616	1,04362253369836	ZNF350	zinc finger protein 350
10031920250	1,76E-09	4,85E-10	6,5015097	12,0988156	0,0612	1,04333322020086	ZNF321	zinc finger protein 321
10023814420	5,62E-13	1,11E-13	7,9022161	20,3180751	0,0611	1,04326090435917	ZNF319	zinc finger protein 319
10025912153	9,83E-09	2,91E-09	6,177052	10,3482771	0,0609	1,04311628771258	ZNF616	zinc finger protein 616
10025914455	7,18E-14	1,3E-14	8,238002	22,4293052	0,0609	1,04311628771258	ZNF783	zinc finger protein 783
10025935376	1,72E-10	4,32E-11	6,9230304	14,4640838	0,0607	1,04297169111272	ZNF30	zinc finger protein 30
10025912523	4,23E-09	1,21E-09	6,337185	11,2043726	0,0607	1,04297169111272	ZNF575	zinc finger protein 575
10023805762	3,42E-11	8,05E-12	7,2067938	16,1110151	0,0601	1,04253802156575	ZNF507	zinc finger protein 507
10025931078	0,00019	8,83E-05	3,9911364	0,3990268	0,06	1,04246576084112	ZNF627	zinc finger protein 627
10025910823	2,06E-05	8,55E-06	4,5531873	2,6227722	0,0597	1,04224900871718	OMA1	OMA1 homolog, zinc metallopeptidase (S. cerevisiae)
10025912906	9,22E-07	3,3E-07	5,2587816	5,7547833	0,0587	1,04152682707335	ZNF664	zinc finger protein 664
10025904046	1,27E-06	4,62E-07	5,1888823	5,4284069	0,0571	1,04037237714079	ZC3H18	zinc finger CCCH-type containing 18
10025910734	5,24E-11	1,26E-11	7,1320744	15,6732429	0,0561	1,03965149582813	ZNF511	zinc finger protein 511
10025906561	6,79E-07	2,4E-07	5,3241256	6,0629876	0,0559	1,03950737951712	ZNF189	zinc finger protein 189
10023837841	2,37E-12	5E-13	7,6620739	18,8391212	0,0559	1,03950737951712	ZNF343	zinc finger protein 343
10025908136	5,61E-12	1,22E-12	7,5176242	17,9625388	0,0556	1,03929124250733	ZNF317	zinc finger protein 317
10025903869	1,65E-12	3,41E-13	7,7234708	19,2147038	0,0551	1,03893111401918	ZNF227	zinc finger protein 227
10023831082	4,44E-08	1,4E-08	5,8831063	8,8180226	0,0551	1,03893111401918	ZNF253	zinc finger protein 253
10025907244	3,26E-08	1,02E-08	5,9438611	9,1298417	0,0546	1,03857111032043	ZNF300	zinc finger protein 300
10023827397	1,85E-09	5,1E-10	6,4922772	12,0481408	0,0546	1,03857111032043	ZNF313	zinc finger protein 313
10025912827	1,01E-09	2,73E-10	6,6028605	12,6583482	0,0542	1,03828319718074	ZNF683	zinc finger protein 683
10031919958	3,67E-06	1,4E-06	4,9546426	4,3600684	0,0541	1,03821123136784	ZNF409	zinc finger protein 409
10023817347	1,58E-10	3,96E-11	6,9376564	14,5479235	0,054	1,03813927054306	ZNF84	zinc finger protein 84
10023850820	6,33E-05	2,78E-05	4,2766096	1,4973097	0,0539	1,03806731470604	ZMYND15	zinc finger, MYND-type containing 15
10025902197	1,19E-07	3,89E-08	5,6866061	7,825829	0,0538	1,03799536385646	ZFX	zinc finger protein, X-linked
10025922633	0,000133	6,06E-05	4,0856465	0,75538	0,052	1,03670110101972	ZNF404	zinc finger protein 404
10025904026	0,00028	0,000132	3,8874132	0,0163066	0,0518	1,03655739369193	ZNF430	zinc finger protein 430
10025902298	6,17E-08	1,97E-08	5,818387	8,4884618	0,0501	1,03533668542473	ZFP3	zinc finger protein 3 homolog (mouse)
10023815590	1,58E-05	6,49E-06	4,6160681	2,8868874	0,0497	1,03504966893373	DPF3	D4, zinc and double PHD fingers, family 3
10025909087	1,48E-11	3,35E-12	7,3522767	16,9715935	0,0495	1,03490619052717	FIZ1	FLT3-interacting zinc finger 1
10023817931	1,17E-05	4,72E-06	4,6878971	3,1922626	0,0495	1,03490619052717	ZNF24	zinc finger protein 24
10025911117	1,32E-06	4,8E-07	5,1810042	5,3918384	0,0494	1,03483445878242	ZCWPW1	zinc finger, CW type with PWWP domain 1
10025907096	2,59E-06	9,73E-07	5,0325003	4,7107869	0,0492	1,03469101020826	ZNF345	zinc finger protein 345
10025905630	9,58E-05	4,29E-05	4,1709916	1,0833649	0,049	1,03454758151891	ZNF426	zinc finger protein 426
10025909483	1,74E-06	6,41E-07	5,1206009	5,112922	0,0486	1,03426078378364	ZNF524	zinc finger protein 524
10023821272	1,69E-05	6,95E-06	4,6004829	2,8211447	0,0482	1,03397406555457	ZNF787	zinc finger protein 787
10025902327	1,36E-07	4,48E-08	5,6591793	7,6893534	0,0477	1,03361577954023	ZNF767	zinc finger family member 767
10025912789	7,1E-11	1,72E-11	7,079236	15,3654251	0,0475	1,03347249989918	CTCF	CCCTC-binding factor (zinc finger protein)
10025926294	1,05E-08	3,11E-09	6,1650464	10,2847227	0,0474	1,03340086752684	ZNF674	zinc finger protein 674
10025912065	1,33E-08	3,99E-09	6,1189126	10,0413266	0,047	1,03311438768413	GLIS2	GLIS family zinc finger 2
10025902736	1,06E-14	1,76E-15	8,5443801	24,3970109	0,047	1,03311438768413	ZNF34	zinc finger protein 34
10023835696	0,029	0,0185	2,3725559	-4,5206168	0,0468	1,03297117754593	ZNF207	zinc finger protein 207
10023842336	2E-06	7,41E-07	5,090115	4,9731392	0,0466	1,03282798725949	ZNF93	zinc finger protein 93
10025910290	2,27E-05	9,5E-06	4,5289913	2,5219483	0,0457	1,03218387656232	ZNF205	zinc finger protein 205
10025920776	1,72E-06	6,33E-07	5,1233986	5,1257834	0,0456	1,03211233350746	ZC3H14	zinc finger CCCH-type containing 14
10025935575	1,33E-06	4,86E-07	5,178716	5,3812253	0,0444	1,03125420353837	ZMYM1	zinc finger, MYM-type 1
10025904233	5,27E-08	1,67E-08	5,8496294	8,6472159	0,0444	1,03125420353837	ZNF688	zinc finger protein 688
10025908762	6,22E-06	2,43E-06	4,8347527	3,82867	0,0443	1,03118272492129	ZNF148	zinc finger protein 148
10025905215	2,5E-05	1,05E-05	4,5059423	2,4263216	0,0442	1,03111125125857	ZNF770	zinc finger protein 770
10025904247	4,81E-12	1,04E-12	7,5435853	18,1193428	0,0439	1,03089685999305	ZKSCAN5	zinc finger with KRAB and SCAN domains 5
10025905447	0,000525	0,000257	3,7124857	-0,6090503	0,0439	1,03089685999305	ZNF271	zinc finger protein 271
10023815408	2,52E-06	9,45E-07	5,0386083	4,7384867	0,0436	1,03068251330431	ZNF260	zinc finger protein 260
10025911683	7,89E-12	1,74E-12	7,4596756	17,6137138	0,0434	1,03053964027211	ZNF585A	zinc finger protein 585A
10023835766	2,4E-05	1E-05	4,5159153	2,4676481	0,0433	1,03046821118307	ZFYVE21	zinc finger, FYVE domain containing 21
10023824251	0,000557	0,000274	3,6957556	-0,6675248	0,043	1,03025395362007	ZNF771	zinc finger protein 771
10023819891	3,74E-05	1,6E-05	4,408157	2,0251874	0,0429	1,03018254433264	ZNF516	zinc finger protein 516
10025912394	2,86E-08	8,88E-09	5,9695352	9,2623185	0,0428	1,03011113999475	ZNF598	zinc finger protein 598
10023819328	2,51E-06	9,42E-07	5,0392518	4,7414066	0,0427	1,03003974060605	ZCCHC11	zinc finger, CCHC domain containing 11
10023809014	4,69E-10	1,23E-10	6,7429734	13,4415397	0,0426	1,02996834616622	ZNF324	zinc finger protein 324
10023824373	0,000305	0,000145	3,8637313	-0,0698378	0,0425	1,0298969566749	ZNF800	zinc finger protein 800
10025902382	1,1E-11	2,45E-12	7,4036462	17,2780094	0,0423	1,02975419253643	ZNF367	zinc finger protein 367
10025902385	2,6E-05	1,09E-05	4,4965964	2,3876638	0,0418	1,02939736876523	ZNF22	zinc finger protein 22 (KOX 15)
10023823619	4,71E-05	2,04E-05	4,3506481	1,7927449	0,0413	1,02904066863831	ZFAND6	zinc finger, AN1-type domain 6
10025910355	0,000205	9,53E-05	3,9717481	0,3268191	0,041	1,02882670789358	ZNF471	zinc finger protein 471
10023812017	0,000846	0,000425	3,5757807	-1,0799629	0,0404	1,02839891985665	SLC30A7	solute carrier family 30 (zinc transporter), member 7
10025906216	6,94E-05	3,06E-05	4,253262	1,4050422	0,0404	1,02839891985665	ZNF606	zinc finger protein 606
10025907908	3,58E-14	6,29E-15	8,3498945	23,1435007	0,0403	1,0283276391459	ZDHHC7	zinc finger, DHHC-type containing 7
10023837319	2,24E-06	8,36E-07	5,064745	4,8573212	0,0403	1,0283276391459	ZNF525	zinc finger protein 525
10023844270	3,26E-08	1,01E-08	5,9443509	9,132365	0,04	1,02811382665607	ZNF408	zinc finger protein 408
10025910786	0,000446	0,000217	3,75794	-0,4489983	0,0398	1,02797130969477	TRAFD1	TRAF-type zinc finger domain containing 1
10023818831	0,00021	9,76E-05	3,9656412	0,3041385	0,0398	1,02797130969477	ZBTB38	zinc finger and BTB domain containing 38
10025912003	1,92E-08	5,86E-09	6,0474318	9,6668089	0,0397	1,02790005862267	ZNF563	zinc finger protein 563
10025904204	0,0438	0,0289	2,1987215	-4,9090482	0,0396	1,02782881248915	ZNF580	zinc finger protein 580
10023820225	4,87E-05	2,11E-05	4,3425288	1,7601361	0,0389	1,0273302278059	RBAK	RB-associated KRAB zinc finger
10025912775	3,58E-08	1,12E-08	5,9257909	9,0368519	0,0389	1,0273302278059	ZNF133	zinc finger protein 133
10025903254	2,06E-05	8,56E-06	4,5526862	2,6206794	0,0384	1,0269742439713	ZNF579	zinc finger protein 579
10025919146	4,88E-05	2,11E-05	4,3417431	1,7569835	0,0382	1,02683188497876	ZNF654	zinc finger protein 654
10023810416	8,64E-09	2,55E-09	6,201733	10,4792104	0,0378	1,02654722619228	MZF1	myeloid zinc finger 1
10025903832	0,00607	0,00346	2,9536749	-3,0200392	0,0373	1,02619151367835	ZNF136	zinc finger protein 136
10031920486	0,00561	0,00318	2,9808636	-2,9423475	0,0372	1,02612038596803	ZSWIM4	zinc finger, SWIM-type containing 4
10025902909	0,000809	0,000406	3,5887302	-1,0360311	0,0371	1,02604926318774	ZBED1	zinc finger, BED-type containing 1
10031919748	0,00617	0,00352	2,9483866	-3,0350737	0,0371	1,02604926318774	ZNF69	zinc finger protein 69
10025911793	0,00613	0,0035	2,9503025	-3,0296297	0,0369	1,02590703241588	ZNF503	zinc finger protein 503
10025928909	0,000532	0,000261	3,7085131	-0,6229564	0,0366	1,02569372322474	ZNF576	zinc finger protein 576
10025903115	0,0012	0,000618	3,4714067	-1,4288517	0,0364	1,02555154173776	ZBTB47	zinc finger and BTB domain containing 47
10025903249	2,67E-07	9,05E-08	5,5204488	7,0067157	0,036	1,02526723788859	ZNF32	zinc finger protein 32
10025919972	0,000193	8,98E-05	3,9869289	0,3833308	0,0359	1,02519617424197	HSZFP36	ZFP-36 for a zinc finger protein
10031920498	6,14E-07	2,16E-07	5,3459115	6,1664048	0,0353	1,02476989578761	ZNF620	zinc finger protein 620
10025906770	3,75E-05	1,6E-05	4,4077033	2,0233434	0,035	1,0245568230328	ZNF555	zinc finger protein 555
10023822892	0,0116	0,00696	2,7229833	-3,6525415	0,0349	1,02448580862668	ZEB2	zinc finger E-box binding homeobox 2
10031920378	0,000436	0,000212	3,7645728	-0,4254991	0,0346	1,02427279493999	ZFR	zinc finger RNA binding protein
10023814745	6,69E-07	2,36E-07	5,3274796	6,0788879	0,0345	1,02420180022052	ZBTB17	zinc finger and BTB domain containing 17
10031920535	5,41E-07	1,89E-07	5,3726546	6,2938032	0,0345	1,02420180022052	ZFP62	zinc finger protein 62 homolog (mouse)
10025905607	5,23E-05	2,27E-05	4,3244554	1,6877357	0,0342	1,02398884558558	ZNF3	zinc finger protein 3
10025911856	0,000614	0,000303	3,6679942	-0,7640379	0,0333	1,02335024731233	ZNF385	zinc finger protein 385
10025906469	0,0328	0,0212	2,3209823	-4,6388009	0,0333	1,02335024731233	ZNF420	zinc finger protein 420
10025905964	0,00227	0,00121	3,2761992	-2,0562857	0,0332	1,02327931653677	ZNF442	zinc finger protein 442
10023810250	0,000705	0,000351	3,6285626	-0,9000091	0,0331	1,02320839067758	ZBTB7C	zinc finger and BTB domain containing 7C
10025914588	2,68E-05	1,13E-05	4,4887573	2,35529	0,0328	1,02299564259487	ZNF44	zinc finger protein 44
10025912433	0,0328	0,0211	2,3217879	-4,636974	0,0328	1,02299564259487	ZNF660	zinc finger protein 660
10023848004	0,00231	0,00124	3,2707821	-2,0732269	0,0318	1,02228680174338	LOC441383///ZNF252	hypothetical gene supported by AF086559; BC065734///zinc finger protein 252
10025907896	5,81E-05	2,54E-05	4,2983014	1,5834194	0,0317	1,02221594467769	SLC39A13	solute carrier family 39 (zinc transporter), member 13
10023811450	0,00108	0,000552	3,5029308	-1,3244551	0,0316	1,02214509252327	ZFP57	zinc finger protein 57 homolog (mouse)
10025908430	1,12E-05	4,52E-06	4,69744	3,2331265	0,0314	1,02200340294687	GLIS1	GLIS family zinc finger 1
10025912084	1,99E-05	8,27E-06	4,5607708	2,6544648	0,0314	1,02200340294687	ZNF187	zinc finger protein 187
10025904017	0,000118	5,34E-05	4,117232	0,8760828	0,0311	1,02179090540827	ZC3H3	zinc finger CCCH-type containing 3
10025909869	3,2E-07	1,09E-07	5,4828072	6,8237301	0,031	1,0217200827143	ZDHHC6	zinc finger, DHHC-type containing 6
10023848894	1,86E-05	7,68E-06	4,5775933	2,7249252	0,0302	1,02115367785386	ZNF28	zinc finger protein 28
10025908497	0,0265	0,0168	2,4079189	-4,4381511	0,0301	1,02108289932762	ZNF213	zinc finger protein 213
10025917746	0,000144	6,58E-05	4,0651889	0,6776308	0,0299	1,02094135699225	LOC646698	similar to zinc finger and SCAN domain containing 5
10025912950	5,34E-06	2,07E-06	4,8695024	3,9816059	0,0298	1,02087059318246	ZNF562	zinc finger protein 562
10025909273	0,000392	0,000189	3,7941877	-0,3201302	0,0297	1,02079983427746	GATAD1	GATA zinc finger domain containing 1
10025904304	0,0114	0,00682	2,7301358	-3,6336531	0,0297	1,02079983427746	ZNF235	zinc finger protein 235
10023827035	0,00173	0,000908	3,3611132	-1,787398	0,0296	1,02072908027693	ZXDC	ZXD family zinc finger C
10025904576	0,046	0,0305	2,1768877	-4,9558358	0,0295	1,02065833118053	ZNF264	zinc finger protein 264
10025911503	0,000178	8,25E-05	4,0084915	0,4639216	0,0294	1,02058758698791	ZSWIM1	zinc finger, SWIM-type containing 1
10025912858	0,000326	0,000155	3,8458339	-0,1346341	0,0291	1,02037538382934	ZBTB12	zinc finger and BTB domain containing 12
10023813932	0,00174	0,000914	3,359142	-1,793711	0,0289	1,02023393956966	ZNF250	zinc finger protein 250
10025902603	0,0081	0,00471	2,8536348	-3,3002094	0,0288	1,0201632247926	ZNF268	zinc finger protein 268
10025903823	0,0311	0,0199	2,3435476	-4,5873959	0,0287	1,02009251491695	ZNF573	zinc finger protein 573
10025925996	0,000934	0,000472	3,5466661	-1,178216	0,0287	1,02009251491695	ZNF630	zinc finger protein 630
10025907388	0,000585	0,000288	3,6818897	-0,7158106	0,0286	1,02002180994236	ZBTB39	zinc finger and BTB domain containing 39
10025909321	0,00387	0,00214	3,1047753	-2,5799498	0,0286	1,02002180994236	ZIM2	zinc finger, imprinted 2
10025906032	0,0343	0,0222	2,3032086	-4,6789564	0,0284	1,01988041469503	ZC3H7B	zinc finger CCCH-type containing 7B
10025904430	0,000477	0,000233	3,7394818	-0,5142004	0,0284	1,01988041469503	ZNHIT1	zinc finger, HIT type 1
10023812268	0,0462	0,0306	2,17502	-4,9598174	0,0273	1,01910309111514	ZNF467	zinc finger protein 467
10023815603	8,59E-06	3,41E-06	4,7601048	3,5031659	0,0268	1,01874995809481	ZMYM3	zinc finger, MYM-type 3
10025912820	0,000301	0,000143	3,8675889	-0,0558371	0,0264	1,01846753978365	ZNRD1	zinc ribbon domain containing 1
10025913155	0,00128	0,00066	3,4527418	-1,4902628	0,0263	1,01839694743985	ZBTB43	zinc finger and BTB domain containing 43
10023810583	0,00108	0,000552	3,5030299	-1,3241256	0,0257	1,0179734961165	ZNF107	zinc finger protein 107
10025921783	0,000703	0,00035	3,6290633	-0,8982909	0,0256	1,01790293801601	ZNF131	zinc finger protein 131
10025910620	0,000359	0,000173	3,8182544	-0,2339654	0,0253	1,01769129305647	ZFYVE1	zinc finger, FYVE domain containing 1
10025904333	0,00348	0,00191	3,1400877	-2,4741868	0,0252	1,01762075451613	ZNF285A	zinc finger protein 285A
10025910873	0,00233	0,00124	3,2689301	-2,079013	0,0247	1,01726813514551	ZNF211	zinc finger protein 211
10025902827	0,00515	0,0029	3,0099208	-2,8585888	0,0245	1,0171271216121	ZNF501	zinc finger protein 501
10023817916	0,0255	0,0161	2,4234721	-4,4015141	0,0235	1,01642234709993	ZNF700	zinc finger protein 700
10025924898	0,00092	0,000465	3,551026	-1,1635483	0,0232	1,01621100998861	ZNF229	zinc finger protein 229
10025912488	0,000813	0,000408	3,5873735	-1,0406405	0,0232	1,01621100998861	ZNF586	zinc finger protein 586
10025904069	0,0239	0,015	2,4505533	-4,3371872	0,0231	1,01614057405011	SLC30A6	solute carrier family 30 (zinc transporter), member 6
10025904759	0,0239	0,015	2,4502046	-4,3380199	0,0231	1,01614057405011	ZNF775	zinc finger protein 775
10023826088	0,00247	0,00133	3,2498337	-2,1384997	0,0229	1,01599971681903	ZNF364	zinc finger protein 364
10025919439	0,0314	0,0201	2,3399167	-4,5956993	0,0229	1,01599971681903	ZNF473	zinc finger protein 473
10025906174	0,0046	0,00257	3,04766	-2,7486832	0,0226	1,01578846758206	ZNF571	zinc finger protein 571
10025902371	0,00603	0,00344	2,9559561	-3,0135458	0,0225	1,01571806093096	ZNF383	zinc finger protein 383
10031920765	0,033	0,0213	2,3189861	-4,6433255	0,0223	1,01557726226857	LOC441193	similar to zinc finger protein 469
10025903959	0,0133	0,00801	2,6747563	-3,7786872	0,0216	1,01508462063266	ZNF560	zinc finger protein 560
10025909509	0,00571	0,00324	2,9749536	-2,9592917	0,0209	1,01459221796997	ZSCAN21	zinc finger and SCAN domain containing 21
10025912028	0,00453	0,00253	3,0530459	-2,7328954	0,0202	1,0141000541646	ZNF140	zinc finger protein 140
10025907283	0,000512	0,00025	3,7197753	-0,5834986	0,0198	1,01381892490185	ZNF639	zinc finger protein 639
10025910093	0,00304	0,00165	3,1844618	-2,339728	0,0196	1,01367838949737	ZNF282	zinc finger protein 282
10025912107	0,0113	0,00677	2,7323716	-3,6277391	0,0185	1,01290579292308	IKZF4	IKAROS family zinc finger 4 (Eos)
10025913081	0,00208	0,00111	3,3034149	-1,9707857	0,0178	1,01241444717777	ZNRF4	zinc and ring finger 4
10023806455	0,0136	0,00822	2,6658181	-3,8018341	0,0176	1,01227410646175	ZSWIM5	zinc finger, SWIM-type containing 5
10025912824	0,00308	0,00168	3,17933	-2,3553663	0,0175	1,01220394339916	ZNF394	zinc finger protein 394
10025907004	0,0495	0,0331	2,144217	-5,0250086	0,0174	1,01213378519973	ZNF101	zinc finger protein 101
10025903451	0,0273	0,0173	2,3968398	-4,4641122	0,0171	1,01192333977707	ZMIZ1	zinc finger, MIZ-type containing 1
10025902314	0,0236	0,0148	2,4556005	-4,3251233	0,0171	1,01192333977707	ZNF354A	zinc finger protein 354A
10025904871	0,0306	0,0196	2,3506668	-4,5710794	0,017	1,01185320102693	ZNF256	zinc finger protein 256
10025907503	0,01	0,00592	2,7778936	-3,5063435	0,0164	1,01143247060537	ZNF613	zinc finger protein 613
10025902177	0,0141	0,00854	2,6527453	-3,8355565	0,0162	1,01129226601077	ZNF581	zinc finger protein 581
10023847434	0,0339	0,0219	2,3074689	-4,669358	0,0155	1,01080170296369	ZFP106	zinc finger protein 106 homolog (mouse)
10025908997	0,0367	0,0239	2,2739385	-4,7444423	0,0148	1,01031137788156	ZNF691	zinc finger protein 691
10025910291	0,00322	0,00176	3,1652566	-2,3981343	0,0145	1,01010131137845	ZNF671	zinc finger protein 671
10025931867	0,0222	0,0139	2,4790578	-4,2687467	0,0138	1,009611326046	ZNF497	zinc finger protein 497
10025906067	0,0271	0,0172	2,4003181	-4,4559739	0,0125	1,0087019837904	ZNF280A	zinc finger protein 280A
10025931658	0,0161	0,00984	-2,602893	-3,9627233	-0,012	-1,0083524548946	ZC3H12D	zinc finger CCCH-type containing 12D
10025926694	0,0382	0,025	-2,2568214	-4,7823674	-0,0128	-1,00891175928126	ZNF517	zinc finger protein 517
10023839280	0,0228	0,0143	-2,4680107	-4,2953603	-0,0133	-1,00926148205079	ZFP91	zinc finger protein 91 homolog (mouse)
10025907290	0,0262	0,0166	-2,4127091	-4,4268913	-0,0134	-1,00933144115043	ZBTB9	zinc finger and BTB domain containing 9
10025920296	0,00784	0,00455	-2,8650448	-3,2687087	-0,0134	-1,00933144115043	ZNF623	zinc finger protein 623
10023830512	0,0335	0,0216	-2,3130118	-4,6568449	-0,0135	-1,00940140509944	ZCCHC3	zinc finger, CCHC domain containing 3
10025904406	0,0121	0,00728	-2,7079458	-3,6921016	-0,0139	-1,00968130939582	ZDHHC16	zinc finger, DHHC-type containing 16
10025911491	0,0229	0,0144	-2,4662578	-4,299573	-0,0153	-1,010661585806	ZNF80	zinc finger protein 80
10025907555	0,0134	0,00806	-2,6725463	-3,7844171	-0,0159	-1,01108199555891	ZKSCAN4	zinc finger with KRAB and SCAN domains 4
10025908381	0,000863	0,000434	-3,5698853	-1,099916	-0,0172	-1,01199348338902	ZNF26	zinc finger protein 26
10023807557	0,0205	0,0128	-2,5095948	-4,1945938	-0,0173	-1,01206363186313	IKZF3	IKAROS family zinc finger 3 (Aiolos)
10025933640	0,0444	0,0294	-2,1921611	-4,9231536	-0,0182	-1,01269518698262	ZNF391	zinc finger protein 391
10023825080	0,00273	0,00147	-3,2189469	-2,2340414	-0,0183	-1,0127653840968	ZNF689	zinc finger protein 689
10025921316	0,00658	0,00377	-2,9261762	-3,097945	-0,0198	-1,01381892490185	ZNF718///ZNF595	zinc finger protein 718///zinc finger protein 595
10025908045	0,00169	0,000888	-3,3675225	-1,7668493	-0,02	-1,01395947979003	MIZF	MBD2-interacting zinc finger
10025909905	0,00171	0,000899	-3,3640484	-1,7779919	-0,02	-1,01395947979003	ZNF79	zinc finger protein 79
10025903352	0,0374	0,0244	-2,2662594	-4,7614901	-0,0205	-1,01431095226936	ZNF684	zinc finger protein 684
10023843837	0,0198	0,0123	-2,5234414	-4,1606871	-0,0206	-1,01438126138374	ZNF289	zinc finger protein 289, ID1 regulated
10023825956	0,0338	0,0218	-2,3087373	-4,666497	-0,0206	-1,01438126138374	ZNF320	zinc finger protein 320
10023817297	0,00829	0,00484	-2,84524	-3,3233112	-0,0208	-1,01452189423371	ZNF629	zinc finger protein 629
10025929522	0,000256	0,00012	-3,9120477	0,1064056	-0,0214	-1,01494390977765	RC3H1	ring finger and CCCH-type zinc finger domains 1
10025910935	0,0288	0,0183	-2,3755515	-4,5136762	-0,0215	-1,01501426276682	ZNF747	zinc finger protein 747
10025912997	0,00188	0,000993	-3,3352255	-1,8700358	-0,0221	-1,01543648312367	ZNF157	zinc finger protein 157
10023826923	0,0363	0,0236	-2,2788375	-4,7335375	-0,0223	-1,01557726226857	ZNF704	zinc finger protein 704
10025910454	0,000411	0,000199	-3,7807572	-0,3680056	-0,0237	-1,01656326292408	ZNF134	zinc finger protein 134
10025907827	0,00114	0,000585	-3,4869488	-1,377488	-0,0238	-1,01663372816214	ZNF167	zinc finger protein 167
10025911593	0,000439	0,000213	-3,7625174	-0,4327848	-0,0238	-1,01663372816214	ZNF337	zinc finger protein 337
10023826533	0,00457	0,00256	-3,0498951	-2,7421345	-0,0239	-1,01670419828466	ZNF208	zinc finger protein 208
10031920538	0,00496	0,00279	-3,0225579	-2,8219275	-0,0239	-1,01670419828466	ZNF780B	zinc finger protein 780B
10025903711	0,0102	0,00603	-2,7718214	-3,5226451	-0,0241	-1,01684515318438	ZNF415	zinc finger protein 415
10025912616	0,0159	0,0097	-2,6079736	-3,9498675	-0,0242	-1,01691563796227	ZNF585B	zinc finger protein 585B
10025911508	0,000157	7,19E-05	-4,043082	0,5939938	-0,0246	-1,01719762593522	ZNF20	zinc finger protein 20
10025910617	0,00542	0,00307	-2,9925865	-2,9086462	-0,025	-1,01747969210269	ZNF645	zinc finger protein 645
10025906893	0,00587	0,00334	-2,965336	-2,9867984	-0,0251	-1,01755022086498	ZNF549	zinc finger protein 549
10025909243	0,000165	7,61E-05	-4,028666	0,5396666	-0,0258	-1,01804405910787	ZNF71	zinc finger protein 71
10025927880	0,013	0,0078	-2,6840486	-3,7545464	-0,0262	-1,01832635998898	ZNF806	zinc finger protein 806
10025912792	0,000134	6,09E-05	-4,0846105	0,7514342	-0,0264	-1,01846753978365	ZNF23	zinc finger protein 23 (KOX 16)
10023810420	0,00491	0,00276	-3,02544	-2,8135464	-0,0264	-1,01846753978365	ZNF594	zinc finger protein 594
10025905952	1,64E-09	4,49E-10	-6,5149583	12,1727203	-0,0268	-1,01874995809481	ZNF677	zinc finger protein 677
10025910467	0,000222	0,000104	-3,9497464	0,2452496	-0,027	-1,01889119661672	ZNF485	zinc finger protein 485
10025934441	2,67E-05	1,12E-05	-4,4902223	2,3613367	-0,0272	-1,01903245471981	ZNF324B	zinc finger protein 324B
10031920835	0,00335	0,00183	-3,1525824	-2,4365013	-0,0273	-1,01910309111514	ZCCHC4	zinc finger, CCHC domain containing 4
10025931319	0,000164	7,54E-05	-4,0311972	0,5491935	-0,0277	-1,01938568566298	ZNF662	zinc finger protein 662
10025911042	0,0373	0,0243	-2,2674896	-4,7587628	-0,0278	-1,01945634654326	ZFP28	zinc finger protein 28 homolog (mouse)
10025912492	0,000125	5,69E-05	-4,1016312	0,8163643	-0,0279	-1,01952701232155	ZNF117	zinc finger protein 117
10025909947	0,00713	0,00411	-2,8982092	-3,1764836	-0,028	-1,01959768299819	ZRANB2	zinc finger, RAN-binding domain containing 2
10025909381	0,0262	0,0166	-2,4127457	-4,4268051	-0,0284	-1,01988041469503	ZNF230	zinc finger protein 230
10025912521	0,000886	0,000447	-3,5619973	-1,1265672	-0,0285	-1,0199511098685	ZSCAN10	zinc finger and SCAN domain containing 10
10025903018	0,00707	0,00408	-2,9009717	-3,1687569	-0,0287	-1,02009251491695	ZNF567	zinc finger protein 567
10025908321	0,000576	0,000284	-3,6862269	-0,7007243	-0,0288	-1,0201632247926	ZNF396	zinc finger protein 396
10025931536	0,000772	0,000386	-3,6020902	-0,9905579	-0,0291	-1,02037538382934	ZNF137	zinc finger protein 137
10025907735	1,3E-05	5,28E-06	-4,6626961	3,084678	-0,0292	-1,02044611331265	ZNF174	zinc finger protein 174
10025912157	0,0004	0,000193	-3,7886977	-0,3397185	-0,0292	-1,02044611331265	ZNF75A	zinc finger protein 75a
10025910137	0,0459	0,0304	-2,1782871	-4,9528505	-0,0294	-1,02058758698791	ZNF791	zinc finger protein 791
10025929497	0,000103	4,62E-05	-4,1530734	1,01402	-0,0295	-1,02065833118053	ZMYND17	zinc finger, MYND-type containing 17
10025910608	0,000116	5,26E-05	-4,1208275	0,8898737	-0,0295	-1,02065833118053	ZNF354B	zinc finger protein 354B
10025906043	0,000186	8,62E-05	-3,9973806	0,4223471	-0,0298	-1,02087059318246	ZNF595	zinc finger protein 595
10025906985	1,76E-06	6,48E-07	-5,1183173	5,1024282	-0,0301	-1,02108289932762	ZNF546	zinc finger protein 546
10025911098	0,000367	0,000177	-3,8122124	-0,2556425	-0,0302	-1,02115367785386	ZNF70	zinc finger protein 70
10023848512	5,76E-05	2,52E-05	-4,3002238	1,5910689	-0,0307	-1,02150764408436	ZFP2	zinc finger protein 2 homolog (mouse)
10025926600	2,92E-07	9,93E-08	-5,501941	6,9166246	-0,031	-1,0217200827143	ZNF416	zinc finger protein 416
10025902568	0,00774	0,00449	-2,8694492	-3,2565175	-0,0319	-1,02235766372068	ZNF610	zinc finger protein 610
10023825148	1,9E-05	7,85E-06	-4,5726483	2,704191	-0,0326	-1,02285383511537	ZNF18	zinc finger protein 18
10023840715	3,49E-05	1,49E-05	-4,4251241	2,0942583	-0,0329	-1,02306655370698	ZDHHC14	zinc finger, DHHC-type containing 14
10025903667	0,0328	0,0211	-2,3212256	-4,6382493	-0,0333	-1,02335024731233	FEZF2	FEZ family zinc finger 2
10023805265	3,1E-06	1,17E-06	-4,9922201	4,528791	-0,0333	-1,02335024731233	ZCCHC10	zinc finger, CCHC domain containing 10
10031919992	0,00164	0,000859	-3,377316	-1,7353814	-0,0335	-1,02349212361395	ZNF527	zinc finger protein 527
10023842025	0,000311	0,000148	-3,8584754	-0,0888939	-0,0336	-1,02356306914069	ZXDB	zinc finger, X-linked, duplicated B
10023824077	0,0466	0,0309	-2,1716236	-4,9670492	-0,0341	-1,02391787054729	ZBTB41	zinc finger and BTB domain containing 41
10025904398	9,84E-05	4,41E-05	-4,1641582	1,0568887	-0,0344	-1,02413081042185	CTCFL	CCCTC-binding factor (zinc finger protein)-like
10025903453	0,000449	0,000219	-3,7560199	-0,4557942	-0,0345	-1,02420180022052	ZMYM2	zinc finger, MYM-type 2
10025909497	0,000193	8,95E-05	-3,9877042	0,3862218	-0,0347	-1,02434379458062	ZSCAN4	zinc finger and SCAN domain containing 4
10025905217	0,00194	0,00102	-3,3261947	-1,8987271	-0,0349	-1,02448580862668	ZNF582	zinc finger protein 582
10025910718	7,89E-06	3,12E-06	-4,7800084	3,5895505	-0,0352	-1,02469886661293	ZBED4	zinc finger, BED-type containing 4
10025909042	1,27E-06	4,6E-07	-5,1899114	5,4331871	-0,0355	-1,02491196890794	ZBTB26	zinc finger and BTB domain containing 26
10023832445	6,05E-06	2,36E-06	-4,8411718	3,8568538	-0,0357	-1,02505406172515	ZMYND19	zinc finger, MYND-type containing 19
10025909294	6,7E-07	2,36E-07	-5,3272406	6,0777543	-0,0358	-1,02512511552094	ZNF529	zinc finger protein 529
10025910701	2,06E-05	8,57E-06	-4,5524043	2,6195025	-0,0359	-1,02519617424197	ZNF221	zinc finger protein 221
10025905428	0,000147	6,74E-05	-4,0590788	0,6544748	-0,036	-1,02526723788859	ZNF436	zinc finger protein 436
10025911483	0,000956	0,000484	-3,539758	-1,201423	-0,0369	-1,02590703241588	ZXDA	zinc finger, X-linked, duplicated A
10025903155	0,001	0,00051	-3,5252256	-1,2501107	-0,0371	-1,02604926318774	ZBTB3	zinc finger and BTB domain containing 3
10025913219	7,92E-06	3,13E-06	-4,7789793	3,585077	-0,0376	-1,02640492639287	ZCRB1	zinc finger CCHC-type and RNA binding motif 1
10023828951	0,000137	6,26E-05	-4,0775271	0,7244815	-0,0379	-1,02661838348993	ZNF484	zinc finger protein 484
10025907447	6,09E-10	1,61E-10	-6,6957287	13,1762152	-0,0389	-1,0273302278059	ZNF619	zinc finger protein 619
10025921977	1,87E-08	5,69E-09	-6,052891	9,6952995	-0,039	-1,02740143937896	ZNF793	zinc finger protein 793
10025908720	4,33E-05	1,86E-05	-4,3717295	1,877653	-0,0392	-1,02754387733398	ZFP161	zinc finger protein 161 homolog (mouse)
10025903241	1,29E-09	3,51E-10	-6,5588005	12,4143752	-0,0395	-1,02775757129386	ZKSCAN3	zinc finger with KRAB and SCAN domains 3
10025907663	1,5E-07	4,95E-08	-5,6394716	7,5915962	-0,0398	-1,02797130969477	RC3H2	ring finger and CCCH-type zinc finger domains 2
10023839061	2,04E-05	8,45E-06	-4,5557131	2,6333232	-0,0398	-1,02797130969477	ZNHIT4	zinc finger, HIT type 4
10025906548	1,67E-06	6,14E-07	-5,1297512	5,1550074	-0,0403	-1,0283276391459	ZNF287	zinc finger protein 287
10025904779	0,000401	0,000194	-3,788013	-0,3421597	-0,0406	-1,02854149610141	ZBTB11	zinc finger and BTB domain containing 11
10025906875	0,000703	0,00035	-3,629072	-0,8982608	-0,0407	-1,02861279163611	ZMAT3	zinc finger, matrin type 3
10023828191	4,92E-07	1,71E-07	-5,392537	6,3888385	-0,0408	-1,0286840921128	AMZ2	archaemetzincins-2
10025904630	6,08E-07	2,14E-07	-5,3477758	6,1752698	-0,0411	-1,02889802319833	ZC3H13	zinc finger CCCH-type containing 13
10031920127	2,62E-07	8,88E-08	-5,5242766	7,0253771	-0,0412	-1,02896934344646	ZNF45	zinc finger protein 45
10025918631	0,00147	0,000763	-3,4112499	-1,6257085	-0,0422	-1,02968281788859	ZNF676	zinc finger protein 676
10025909566	7,7E-05	3,41E-05	-4,2267783	1,3009035	-0,0423	-1,02975419253643	ZNF778	zinc finger protein 778
10025910863	2,66E-06	1E-06	-5,0260062	4,6813659	-0,0425	-1,0298969566749	ZNF583	zinc finger protein 583
10025907585	1,86E-05	7,68E-06	-4,5774772	2,7244384	-0,0428	-1,03011113999475	ZNF180	zinc finger protein 180
10025903945	1,48E-05	6,06E-06	-4,6313856	2,9516808	-0,043	-1,03025395362007	ZDHHC15	zinc finger, DHHC-type containing 15
10025931271	0,0189	0,0117	-2,541093	-4,117207	-0,0432	-1,03039678704495	AMZ1	archaemetzincin-1
10025904691	1,39E-08	4,18E-09	-6,1103064	9,9960668	-0,044	-1,03096831879479	ZNF519	zinc finger protein 519
10025909242	0,0184	0,0114	-2,5518119	-4,0906638	-0,0444	-1,03125420353837	ZMYND12	zinc finger, MYND-type containing 12
10023825442	0,000217	0,000101	-3,9561226	0,2688484	-0,0444	-1,03125420353837	ZNF710	zinc finger protein 710
10025923746	5,85E-06	2,28E-06	-4,8488202	3,8904744	-0,0446	-1,03139717563693	ZSCAN5	zinc finger and SCAN domain containing 5
10025909196	1,87E-09	5,15E-10	-6,4906837	12,0393999	-0,0454	-1,03196926227383	GZF1	GDNF-inducible zinc finger protein 1
10023845723	0,00352	0,00194	-3,1357931	-2,4871082	-0,0454	-1,03196926227383	ZDBF2	zinc finger, DBF-type containing 2
10025906394	2,35E-07	7,94E-08	-5,546524	7,1340357	-0,0458	-1,03225542457635	SLC30A4	solute carrier family 30 (zinc transporter), member 4
10025917772	3,49E-09	9,89E-10	-6,3738011	11,402296	-0,0466	-1,03282798725949	ZNF543	zinc finger protein 543
10023819436	3,3E-07	1,13E-07	-5,4760812	6,7911347	-0,0474	-1,03340086752684	ZCCHC2	zinc finger, CCHC domain containing 2
10025905109	1,67E-07	5,54E-08	-5,6173736	7,4822892	-0,0489	-1,03447587463018	ZNF461	zinc finger protein 461
10023842382	1,17E-13	2,17E-14	-8,1586082	21,9257246	-0,0494	-1,03483445878242	SCRT2	scratch homolog 2, zinc finger protein (Drosophila)
10025909788	6,66E-09	1,94E-09	-6,2514215	10,7439356	-0,0495	-1,03490619052717	ZNF19	zinc finger protein 19
10025906318	5,37E-07	1,87E-07	-5,3743375	6,3018368	-0,0503	-1,03548022351468	ZNF530	zinc finger protein 530
10023826217	4,45E-06	1,71E-06	-4,911101	4,1658548	-0,0505	-1,03562378150463	ZDHHC24	zinc finger, DHHC-type containing 24
10025930175	0,000374	0,00018	-3,8075524	-0,2723403	-0,0506	-1,03569556796295	ZNF705A	zinc finger protein 705A
10025910545	1,85E-10	4,66E-11	-6,9100965	14,3900398	-0,0507	-1,03576735939731	ZBTB8OS	zinc finger and BTB domain containing 8 opposite strand
10025909395	1,13E-08	3,38E-09	-6,1497197	10,2037152	-0,0509	-1,0359109571955	ZNF570	zinc finger protein 570
10023810359	0,000169	7,78E-05	-4,0233345	0,5196177	-0,051	-1,03598276356002	ZNF721	zinc finger protein 721
10025912608	9,32E-07	3,34E-07	-5,2564046	5,7436279	-0,0513	-1,03619821251942	ZNF77	zinc finger protein 77
10025903342	8,96E-09	2,65E-09	-6,1946506	10,4415997	-0,0515	-1,03634187005067	ZNF696	zinc finger protein 696
10025903924	1,96E-05	8,14E-06	-4,5641865	2,6687537	-0,0516	-1,03641370628483	ZDHHC9	zinc finger, DHHC-type containing 9
10025910082	9,39E-09	2,78E-09	-6,1858113	10,3947025	-0,0521	-1,03677296215473	ZNF764	zinc finger protein 764
10025904377	2,46E-06	9,21E-07	-5,0441001	4,7634154	-0,0522	-1,03684482827096	ZNF449	zinc finger protein 449
10025923520	3,36E-08	1,05E-08	-5,9380308	9,0998158	-0,0523	-1,03691669936873	ZNF709	zinc finger protein 709
10025931900	0,00224	0,0012	-3,2803596	-2,0432571	-0,0527	-1,03720423358225	ZNF492	zinc finger protein 492
10025909167	4,42E-07	1,53E-07	-5,4151194	6,4971095	-0,0535	-1,0377795412288	ZNF678	zinc finger protein 678
10023836688	0,0464	0,0308	-2,173232	-4,9636258	-0,0543	-1,03835516798211	SCRT1	scratch homolog 1, zinc finger protein (Drosophila)
10025906705	1,11E-05	4,45E-06	-4,700812	3,2475823	-0,0545	-1,03849912455161	ZNF804B	zinc finger protein 804B
10025919045	3,37E-10	8,72E-11	-6,8022866	13,776405	-0,0551	-1,03893111401918	ZNF470	zinc finger protein 470
10025907542	0,00408	0,00227	-3,0872611	-2,6319981	-0,0554	-1,03914717613457	ZNF323	zinc finger protein 323
10025902250	3,41E-05	1,45E-05	-4,4304458	2,1159684	-0,0555	-1,03921920682447	ZNF540	zinc finger protein 540
10025903903	1,42E-05	5,78E-06	-4,6423436	2,9981424	-0,0558	-1,03943532885331	ZNF14	zinc finger protein 14
10025928382	3,35E-08	1,05E-08	-5,9388134	9,1038452	-0,0558	-1,03943532885331	ZNF568	zinc finger protein 568
10025904570	7,99E-09	2,35E-09	-6,2165438	10,5579605	-0,0563	-1,03979563211928	ZBTB24	zinc finger and BTB domain containing 24
10025917611	0,00105	0,000536	-3,5114009	-1,2962605	-0,0563	-1,03979563211928	ZNF714	zinc finger protein 714
10025909306	2,48E-07	8,39E-08	-5,5354483	7,0798992	-0,0569	-1,04022816090134	ZNF85	zinc finger protein 85
10023814621	2,61E-12	5,51E-13	-7,6463807	18,7434064	-0,058	-1,04102159768411	ZNF236	zinc finger protein 236
10025909939	1,45E-10	3,62E-11	-6,9530267	14,6361546	-0,0583	-1,04123809454856	ZCCHC7	zinc finger, CCHC domain containing 7
10025904980	4,24E-10	1,1E-10	-6,7612628	13,5445874	-0,0588	-1,0415990227138	ZNF57	zinc finger protein 57
10025911196	6,52E-06	2,56E-06	-4,8236893	3,7801665	-0,0588	-1,0415990227138	ZRANB1	zinc finger, RAN-binding domain containing 1
10025920193	1,95E-05	8,08E-06	-4,5660869	2,6767079	-0,0589	-1,04167122335864	ZNF557	zinc finger protein 557
10023825191	1,95E-05	8,1E-06	-4,5653721	2,6737155	-0,059	-1,04174342900822	ZNF593	zinc finger protein 593
10025909833	3,88E-11	9,18E-12	-7,1847044	15,9812947	-0,0593	-1,04196007598888	ZNF329	zinc finger protein 329
10025913386	1,13E-06	4,09E-07	-5,2142507	5,5464598	-0,06	-1,04246576084112	ZNF782	zinc finger protein 782
10025905396	3,35E-05	1,42E-05	-4,4352928	2,1357612	-0,0602	-1,04261028729929	ZNF545	zinc finger protein 545
10025922396	4,29E-09	1,23E-09	-6,3347288	11,1911247	-0,0616	-1,04362253369836	ZNF642	zinc finger protein 642
10033668636	1,84E-06	6,78E-07	-5,1087584	5,0585432	-0,0619	-1,04383957146849	SLC39A4	solute carrier family 39 (zinc transporter), member 4
10025904577	7,39E-09	2,17E-09	-6,2313686	10,6369189	-0,0619	-1,04383957146849	ZNF223	zinc finger protein 223
10023827037	0,0236	0,0149	-2,4541239	-4,3286551	-0,062	-1,04391192742172	ZNF536	zinc finger protein 536
10025911330	2,31E-05	9,66E-06	-4,5250322	2,5054935	-0,0632	-1,04478059016941	ZNF43	zinc finger protein 43
10023817324	4,22E-07	1,46E-07	-5,4248098	6,5436777	-0,0634	-1,04492543755331	ZNF251	zinc finger protein 251
10025909428	1,54E-07	5,09E-08	-5,6340157	7,5645785	-0,0636	-1,04507030501871	ZNF304	zinc finger protein 304
10025922305	1,74E-18	1,91E-19	-9,884819	33,4069367	-0,0637	-1,04514274628285	LOC645700	similar to zinc finger protein 577
10023840091	1,1E-13	2,02E-14	-8,1694151	21,9941132	-0,0639	-1,04528764387573	ZSCAN18	zinc finger and SCAN domain containing 18
10031920056	1,13E-06	4,08E-07	-5,2148368	5,5491927	-0,0641	-1,04543256155707	ZCCHC16	zinc finger, CCHC domain containing 16
10025911544	7,01E-10	1,86E-10	-6,670234	13,0335605	-0,0642	-1,04550502793178	ZNF596	zinc finger protein 596
10025912354	8,29E-13	1,67E-13	-7,8375651	19,9173059	-0,0644	-1,04564997575104	ZNF132	zinc finger protein 132
10025904516	3,73E-11	8,81E-12	-7,1916672	16,0221568	-0,0645	-1,04572245719628	ZFYVE9	zinc finger, FYVE domain containing 9
10025909565	2,2E-09	6,09E-10	-6,4607219	11,8753182	-0,0654	-1,04637501633448	ZADH2	zinc binding alcohol dehydrogenase, domain containing 2
10023822723	0,00312	0,0017	-3,1754169	-2,3672753	-0,0655	-1,04644754803744	SLC39A2	solute carrier family 39 (zinc transporter), member 2
10025905050	4,73E-13	9,29E-14	-7,9304611	20,4937567	-0,0656	-1,0465200847681	ZNF8	zinc finger protein 8
10025908608	6,13E-10	1,62E-10	-6,6944175	13,1688699	-0,0676	-1,04797187573272	ZNF225	zinc finger protein 225
10025920028	1,82E-11	4,17E-12	-7,3160827	16,7564918	-0,0677	-1,04804451812538	ZNF425	zinc finger protein 425
10025909686	2,06E-09	5,71E-10	-6,4722859	11,9385849	-0,0684	-1,04855315588368	ZFP1	zinc finger protein 1 homolog (mouse)
10023816739	1,35E-08	4,05E-09	-6,1160194	10,0261063	-0,0693	-1,04920748145453	ZDHHC13	zinc finger, DHHC-type containing 13
10023834855	2,48E-10	6,33E-11	-6,857566	14,0902496	-0,0703	-1,04993498876781	ZRANB3	zinc finger, RAN-binding domain containing 3
10025905860	8,88E-05	3,96E-05	-4,1905774	1,1594566	-0,0708	-1,05029893156927	ZSCAN2	zinc finger and SCAN domain containing 2
10023844728	2,66E-09	7,45E-10	-6,4247308	11,6789146	-0,0718	-1,05102719568038	ZNF135	zinc finger protein 135
10025909176	1,05E-13	1,93E-14	-8,1763394	22,0379587	-0,0719	-1,05110004985902	ZC3H15	zinc finger CCCH-type containing 15
10025903193	6,87E-09	2,01E-09	-6,2454106	10,7118312	-0,072	-1,05117290908771	ZNF195	zinc finger protein 195
10025906140	0,000171	7,89E-05	-4,0197748	0,506244	-0,0721	-1,05124577336678	ZEB1	zinc finger E-box binding homeobox 1
10025911426	1,13E-11	2,54E-12	-7,3978658	17,2434639	-0,0733	-1,05212053877372	ZFAND2A	zinc finger, AN1-type domain 2A
10025912458	2,65E-07	8,99E-08	-5,5217556	7,0130853	-0,0733	-1,05212053877372	ZNF569	zinc finger protein 569
10025907294	9,87E-19	1,05E-19	-9,9695144	33,9952687	-0,0734	-1,05219346873975	SLC30A5	solute carrier family 30 (zinc transporter), member 5
10025912718	3,89E-12	8,35E-13	-7,5791281	18,3345485	-0,0743	-1,05285006596442	ZNF222	zinc finger protein 222
10025903474	1,15E-19	1,1E-20	-10,2881672	36,2261107	-0,0751	-1,05343405190857	ZNF498	zinc finger protein 498
10025932554	0,000198	9,2E-05	-3,9808477	0,3606706	-0,0758	-1,05394530531948	ZSWIM7	zinc finger, SWIM-type containing 7
10025904912	1,42E-14	2,39E-15	-8,4981268	24,0975261	-0,0759	-1,05401836177308	ZNF650	zinc finger protein 650
10025911781	1,11E-11	2,49E-12	-7,40118	17,2632682	-0,0763	-1,05431063823161	ZNF10	zinc finger protein 10
10023807710	1,26E-13	2,34E-14	-8,1463757	21,8483736	-0,0768	-1,05467609778043	ZNF37A	zinc finger protein 37A
10025913044	4,44E-19	4,57E-20	-10,0878541	34,8206103	-0,0773	-1,05504168400983	ZNF707	zinc finger protein 707
10025904644	1,21E-10	3E-11	-6,9853278	14,8219893	-0,0775	-1,05518795398198	ZNF200	zinc finger protein 200
10023809148	5,56E-11	1,34E-11	-7,1216272	15,6122649	-0,078	-1,05555371763797	ZNF259	zinc finger protein 259
10025902666	9,52E-21	7,9E-22	-10,6559262	38,8323849	-0,078	-1,05555371763797	ZNF622	zinc finger protein 622
10025904593	1,72E-11	3,91E-12	-7,3264713	16,8181637	-0,0784	-1,05584641984656	ZNF41	zinc finger protein 41
10025903153	4,98E-05	2,16E-05	-4,3371663	1,7386279	-0,0791	-1,0563588440297	ZFY	zinc finger protein, Y-linked
10025903767	1,03E-14	1,7E-15	-8,5497634	24,4319214	-0,0806	-1,05745773343137	DZIP3	DAZ interacting protein 3, zinc finger
10023823087	5,92E-12	1,29E-12	-7,5082625	17,9060742	-0,0812	-1,05789760920252	ZMYM4	zinc finger, MYM-type 4
10025906095	1,52E-11	3,44E-12	-7,347709	16,9444111	-0,0813	-1,05797093961845	ZNF584	zinc finger protein 584
10025904875	6,21E-13	1,23E-13	-7,885666	20,2153015	-0,0817	-1,0582643121162	TSHZ3	teashirt zinc finger homeobox 3
10025911150	1,26E-08	3,77E-09	-6,129424	10,0966676	-0,0828	-1,05907150602104	ZNF626	zinc finger protein 626
10025904081	2,23E-10	5,67E-11	-6,8764311	14,1977388	-0,0829	-1,05914491780811	ZNF493	zinc finger protein 493
10026393064	1,02E-11	2,28E-12	-7,4155866	17,3494207	-0,0832	-1,0593651837029	SLC39A6	solute carrier family 39 (zinc transporter), member 6
10025908545	2,31E-06	8,63E-07	-5,0579038	4,8261692	-0,0846	-1,06039369704635	ZFYVE16	zinc finger, FYVE domain containing 16
10025908445	2,94E-10	7,55E-11	-6,8271891	13,9175784	-0,0878	-1,06274833594353	ZNF655	zinc finger protein 655
10025902962	2,9E-09	8,16E-10	-6,4083422	11,5897342	-0,0898	-1,06422263964228	ZNF659	zinc finger protein 659
10023839439	2,06E-12	4,29E-13	-7,6864729	18,9881649	-0,0902	-1,06451774571964	ZFAND1	zinc finger, AN1-type domain 1
10025907852	1,01E-13	1,84E-14	-8,1836789	22,084455	-0,0905	-1,06473912897875	ZNF510	zinc finger protein 510
10025910831	2,95E-09	8,3E-10	-6,4052215	11,5727708	-0,0927	-1,06636401361212	ZNF155	zinc finger protein 155
10023848717	2,29E-05	9,57E-06	-4,527299	2,5149135	-0,0929	-1,06651185330125	ZCWPW2	zinc finger, CW type with PWWP domain 2
10023845750	3,14E-06	1,19E-06	-4,9895509	4,5167725	-0,095	-1,06806540804785	ZNF452	zinc finger protein 452
10023827450	1,83E-11	4,19E-12	-7,314997	16,7500497	-0,0954	-1,06836157971456	ZNF197	zinc finger protein 197
10025908958	2,11E-12	4,42E-13	-7,681772	18,9594274	-0,096	-1,06880599121101	ZNF667	zinc finger protein 667
10025903851	1,48E-20	1,26E-21	-10,5911145	38,3707565	-0,0961	-1,06888007776456	ZNF544	zinc finger protein 544
10025907128	4,05E-13	7,91E-14	-7,9557573	20,6514007	-0,0973	-1,0697695170754	ZNF165	zinc finger protein 165
10025903131	4,17E-16	5,97E-17	-9,0516624	27,7348459	-0,0973	-1,0697695170754	ZNF682	zinc finger protein 682
10025910937	1,01E-12	2,06E-13	-7,8043723	19,7122835	-0,0977	-1,07006616128696	ZNF277	zinc finger protein 277
10025906977	4,63E-27	1,38E-28	-12,7613573	54,2422118	-0,0986	-1,07073391155589	SLC39A3	solute carrier family 39 (zinc transporter), member 3
10023836452	2,19E-06	8,17E-07	-5,0696291	4,8795817	-0,0986	-1,07073391155589	ZNF479	zinc finger protein 479
10025908211	2,39E-18	2,66E-19	-9,8374587	33,0788305	-0,0995	-1,07140207851908	ZNF597	zinc finger protein 597
10033668583	4,69E-05	2,03E-05	-4,3516953	1,7969545	-0,101	-1,07251661681794	ZNF286A	zinc finger protein 286A
10025908866	4,8E-12	1,04E-12	-7,5437157	18,1201315	-0,103	-1,07400447162012	ZNF184	zinc finger protein 184
10023844929	6,09E-06	2,38E-06	-4,8396207	3,8500407	-0,103	-1,07400447162012	ZNF66	zinc finger protein 66
10025904617	6,47E-07	2,28E-07	-5,3346481	6,1128968	-0,11	-1,07922823650443	ZNF91	zinc finger protein 91
10023838129	5,64E-17	7,32E-18	-9,3595345	29,8051154	-0,111	-1,07997655983288	ZNF33B	zinc finger protein 33B
10025905107	2,6E-15	4,06E-16	-8,7662296	25,8449812	-0,112	-1,08072540203935	ZNF643	zinc finger protein 643
10025911862	7,22E-26	2,68E-27	-12,3659192	51,2990778	-0,114	-1,08222464452571	ZMAT2	zinc finger, matrin type 2
10025908592	5,39E-26	1,96E-27	-12,4080154	51,6115625	-0,114	-1,08222464452571	ZNHIT3	zinc finger, HIT type 3
10025918352	4,96E-26	1,78E-27	-12,4209281	51,707457	-0,115	-1,08297504552592	ZNF774	zinc finger protein 774
10023827332	5,83E-24	3,05E-25	-11,7304393	46,6098153	-0,116	-1,08372596684478	ZFYVE20	zinc finger, FYVE domain containing 20
10025913377	1,35E-14	2,27E-15	-8,5057229	24,1466525	-0,117	-1,08447740884306	ZNF75	zinc finger protein 75 (D8C6)
10023843554	2,04E-07	6,84E-08	-5,5758931	7,2779878	-0,12	-1,08673486252606	ZNF708	zinc finger protein 708
10025905808	2,44E-17	3,05E-18	-9,4867747	30,6698324	-0,121	-1,08748839085488	ZC3H8	zinc finger CCCH-type containing 8
10025928129	2,02E-08	6,19E-09	-6,0372846	9,6139019	-0,121	-1,08748839085488	ZNF252	zinc finger protein 252
10025907094	1,82E-24	8,8E-26	-11,8982289	47,84247	-0,124	-1,08975211221333	ZFP64	zinc finger protein 64 homolog (mouse)
10025903966	5,22E-13	1,03E-13	-7,9140941	20,3919121	-0,125	-1,09050773266526	MAZ	MYC-associated zinc finger protein (purine-binding transcription factor)
10025911428	1,87E-19	1,83E-20	-10,2167266	35,7236565	-0,125	-1,09050773266526	ZNF553	zinc finger protein 553
10025918816	2,29E-16	3,2E-17	-9,1438191	28,351189	-0,126	-1,09126387705494	ZNF138	zinc finger protein 138
10025905313	2,48E-14	4,27E-15	-8,4093336	23,5249866	-0,127	-1,09202054574565	BCL11B	B-cell CLL/lymphoma 11B (zinc finger protein)
10025911133	1,75E-11	3,99E-12	-7,32323	16,7989158	-0,127	-1,09202054574565	ZMYND11	zinc finger, MYND domain containing 11
10025905010	5,44E-14	9,73E-15	-8,2826478	22,7136507	-0,127	-1,09202054574565	ZNF226	zinc finger protein 226
10025905090	5,57E-19	5,78E-20	-10,0545865	34,5882082	-0,127	-1,09202054574565	ZNF334	zinc finger protein 334
10025904791	4,04E-22	2,78E-23	-11,1170175	42,1427937	-0,128	-1,09277773910095	ZNF512	zinc finger protein 512
10025926746	3,18E-16	4,51E-17	-9,0930028	28,0109674	-0,131	-1,09505247079357	ZNF749	zinc finger protein 749
10025906225	3,15E-33	1,98E-35	-14,8345813	69,855748	-0,134	-1,09733193757924	ZCCHC17	zinc finger, CCHC domain containing 17
10025932766	7,07E-13	1,41E-13	-7,8642149	20,0822777	-0,134	-1,09733193757924	ZNF204	zinc finger protein 204
10025913141	1,72E-14	2,91E-15	-8,4677256	23,9011442	-0,135	-1,09809281378705	ZNF658	zinc finger protein 658
10025912054	6,11E-21	4,94E-22	-10,7209123	39,2962071	-0,14	-1,10190511587661	ZDHHC3	zinc finger, DHHC-type containing 3
10025905218	5,82E-16	8,44E-17	-9,0002871	27,392532	-0,142	-1,10343374004196	ZNF441	zinc finger protein 441
10025912452	2,91E-20	2,59E-21	-10,4907349	37,6577056	-0,145	-1,10573065332027	ZNF25	zinc finger protein 25
10025910236	1,18E-20	9,95E-22	-10,6239462	38,6044844	-0,147	-1,10726458448429	ZSCAN1	zinc finger and SCAN domain containing 1
10023812288	3,93E-19	4,03E-20	-10,1056337	34,9449373	-0,148	-1,10803234786493	ZNF706	zinc finger protein 706
10023826441	1,54E-22	1E-23	-11,2563402	43,1514829	-0,15	-1,10956947206785	ZNF239	zinc finger protein 239
10025912544	8,68E-16	1,28E-16	-8,9381025	26,9794438	-0,151	-1,11033883362864	ZNF533	zinc finger protein 533
10025906645	1,07E-22	6,79E-24	-11,3097196	43,5389086	-0,153	-1,11187915751711	ZNF675	zinc finger protein 675
10023824787	1,97E-21	1,49E-22	-10,8867687	40,4841499	-0,156	-1,11419365081933	ZMIZ2	zinc finger, MIZ-type containing 2
10025911497	2,61E-25	1,07E-26	-12,1806391	49,9262817	-0,159	-1,11651296198257	JAZF1	JAZF zinc finger 1
10025913282	4,17E-24	2,13E-25	-11,778798	46,9646429	-0,16	-1,11728713807222	SLC39A9	solute carrier family 39 (zinc transporter), member 9
10023809344	4,5E-14	7,98E-15	-8,3131902	22,9086503	-0,162	-1,11883710103571	ZNF365	zinc finger protein 365
10025902724	2,27E-24	1,12E-25	-11,8661751	47,6066644	-0,163	-1,11961288865424	ZNF179	zinc finger protein 179
10023816345	1,59E-22	1,04E-23	-11,2518733	43,1190857	-0,165	-1,12116607802851	ZDHHC8	zinc finger, DHHC-type containing 8
10025911128	7,37E-27	2,26E-28	-12,6953077	53,7494715	-0,167	-1,12272142207361	SLC30A9	solute carrier family 30 (zinc transporter), member 9
10023820937	1,32E-13	2,45E-14	-8,1397047	21,8062178	-0,167	-1,12272142207361	ZFPM2	zinc finger protein, multitype 2
10025912317	1,39E-19	1,34E-20	-10,2603459	36,0302838	-0,168	-1,12349990303165	ZNF233	zinc finger protein 233
10023836094	1,12E-16	1,5E-17	-9,2544736	29,0950702	-0,171	-1,12583858613676	ZMAT4	zinc finger, matrin type 4
10023833097	1,8E-23	1,02E-24	-11,5670005	45,4133276	-0,172	-1,12661922849728	ZNF711	zinc finger protein 711
10025913231	7,43E-25	3,3E-26	-12,0300503	48,8137728	-0,176	-1,12974721457012	ZDHHC23	zinc finger, DHHC-type containing 23
10025910453	1,01E-22	6,37E-24	-11,3184289	43,6021696	-0,184	-1,13602926478669	ZNF215	zinc finger protein 215
10025908144	1,72E-14	2,93E-15	-8,4671739	23,8975836	-0,185	-1,13681697323601	ZDHHC21	zinc finger, DHHC-type containing 21
10023826938	4,05E-16	5,79E-17	-9,0561968	27,7651034	-0,189	-1,13997327269346	ZNF804A	zinc finger protein 804A
10025903912	1,45E-30	1,85E-32	-13,9372731	63,0729401	-0,19	-1,14076371586842	BCL11A	B-cell CLL/lymphoma 11A (zinc finger protein)
10025932238	1,96E-14	3,34E-15	-8,4470276	23,7676524	-0,201	-1,14949484803468	LOC441666///LOC283027	similar to zinc finger protein 91///hypothetical protein LOC283027
10023827587	5,26E-24	2,74E-25	-11,7453126	46,7189079	-0,225	-1,16877724856125	ZNF697	zinc finger protein 697
10023805660	2,13E-29	3,77E-31	-13,5410893	60,0874897	-0,259	-1,19664896323071	SLC39A10	solute carrier family 39 (zinc transporter), member 10
10033668855	2,66E-31	2,79E-33	-14,1857485	64,9489502	-0,263	-1,19997138237322	SLC30A3	solute carrier family 30 (zinc transporter), member 3
10023805548	6,28E-21	5,09E-22	-10,7169351	39,267794	-0,293	-1,22518533190468	ZNF238	zinc finger protein 238
10025905312	2,01E-33	1,15E-35	-14,9059954	70,3962131	-0,392	-1,31221125459196	ZCCHC12	zinc finger, CCHC domain containing 12
